"","track_name","artist_name","track_number","album_name","album_release_date","album_release_year","danceability","energy","loudness","duration_ms","tempo","valence"
"1","Bane","alt-J",1,"The Dream (CARBS Remix Edition)","2023-04-28",2023,0.359,0.464,-8.954,310000,139.622,0.0758
"2","U&ME","alt-J",2,"The Dream (CARBS Remix Edition)","2023-04-28",2023,0.587,0.722,-8.332,198840,81.973,0.294
"3","Hard Drive Gold","alt-J",3,"The Dream (CARBS Remix Edition)","2023-04-28",2023,0.67,0.853,-5.962,158480,144.272,0.684
"4","Happier When You’re Gone","alt-J",4,"The Dream (CARBS Remix Edition)","2023-04-28",2023,0.543,0.461,-9.275,240480,133.998,0.199
"5","The Actor","alt-J",5,"The Dream (CARBS Remix Edition)","2023-04-28",2023,0.625,0.604,-8.33,240893,147.987,0.624
"6","Get Better","alt-J",6,"The Dream (CARBS Remix Edition)","2023-04-28",2023,0.592,0.116,-19.498,351293,106.086,0.466
"7","Chicago","alt-J",7,"The Dream (CARBS Remix Edition)","2023-04-28",2023,0.525,0.245,-16.181,235386,134.985,0.104
"8","Philadelphia","alt-J",8,"The Dream (CARBS Remix Edition)","2023-04-28",2023,0.496,0.424,-9.551,218093,97.429,0.177
"9","Walk a Mile","alt-J",9,"The Dream (CARBS Remix Edition)","2023-04-28",2023,0.445,0.33,-11.702,389933,142.266,0.223
"10","Delta","alt-J",10,"The Dream (CARBS Remix Edition)","2023-04-28",2023,0.338,0.226,-14.846,60040,140.109,0.039
"11","Losing My Mind","alt-J",11,"The Dream (CARBS Remix Edition)","2023-04-28",2023,0.465,0.348,-13.822,282000,130.027,0.349
"12","Powders","alt-J",12,"The Dream (CARBS Remix Edition)","2023-04-28",2023,0.553,0.219,-17.272,281586,138.087,0.305
"13","The Dream - CARBS Cycles Remix","alt-J",1,"The Dream (CARBS Remix Edition)","2023-04-28",2023,0.181,0.247,-16.866,580798,135.494,0.0384
"14","The Dream - CARBS Lucid Remix","alt-J",2,"The Dream (CARBS Remix Edition)","2023-04-28",2023,0.157,0.277,-15.033,293933,134.484,0.0397
"15","The Dream - CARBS NREM Remix","alt-J",3,"The Dream (CARBS Remix Edition)","2023-04-28",2023,0.123,0.141,-18.358,302280,80.125,0.0906
"16","Bane","alt-J",1,"The Dream (Deluxe)","2022-04-22",2022,0.359,0.464,-8.954,310000,139.622,0.0758
"17","U&ME","alt-J",2,"The Dream (Deluxe)","2022-04-22",2022,0.587,0.722,-8.332,198840,81.973,0.294
"18","Hard Drive Gold","alt-J",3,"The Dream (Deluxe)","2022-04-22",2022,0.67,0.853,-5.962,158480,144.272,0.684
"19","Happier When You're Gone","alt-J",4,"The Dream (Deluxe)","2022-04-22",2022,0.543,0.461,-9.275,240480,133.998,0.199
"20","The Actor","alt-J",5,"The Dream (Deluxe)","2022-04-22",2022,0.625,0.604,-8.33,240893,147.987,0.624
"21","Get Better","alt-J",6,"The Dream (Deluxe)","2022-04-22",2022,0.592,0.116,-19.498,351293,106.086,0.466
"22","Chicago","alt-J",7,"The Dream (Deluxe)","2022-04-22",2022,0.525,0.245,-16.181,235386,134.985,0.104
"23","Philadelphia","alt-J",8,"The Dream (Deluxe)","2022-04-22",2022,0.496,0.424,-9.551,218093,97.429,0.177
"24","Walk a Mile","alt-J",9,"The Dream (Deluxe)","2022-04-22",2022,0.445,0.33,-11.702,389933,142.266,0.223
"25","Delta","alt-J",10,"The Dream (Deluxe)","2022-04-22",2022,0.338,0.226,-14.846,60040,140.109,0.039
"26","Losing My Mind","alt-J",11,"The Dream (Deluxe)","2022-04-22",2022,0.465,0.348,-13.822,282000,130.027,0.349
"27","Powders","alt-J",12,"The Dream (Deluxe)","2022-04-22",2022,0.553,0.219,-17.272,281586,138.087,0.305
"28","The Actor - Single Edit","alt-J",13,"The Dream (Deluxe)","2022-04-22",2022,0.561,0.616,-7.28,187493,147.993,0.527
"29","U&ME - Single Edit","alt-J",14,"The Dream (Deluxe)","2022-04-22",2022,0.586,0.782,-6.857,196493,82.754,0.397
"30","Hard Drive Gold - Loor Remix","alt-J",15,"The Dream (Deluxe)","2022-04-22",2022,0.635,0.907,-5.881,243586,136.011,0.189
"31","Hard Drive Gold - Maya Jane Coles Remix","alt-J",16,"The Dream (Deluxe)","2022-04-22",2022,0.752,0.595,-8.864,313906,130.001,0.763
"32","U&ME - Baauer Remix","alt-J",17,"The Dream (Deluxe)","2022-04-22",2022,0.445,0.695,-5.843,294240,82.033,0.195
"33","Bane","alt-J",1,"The Dream","2022-02-11",2022,0.359,0.464,-8.954,310000,139.622,0.0758
"34","U&ME","alt-J",2,"The Dream","2022-02-11",2022,0.587,0.722,-8.332,198840,81.973,0.294
"35","Hard Drive Gold","alt-J",3,"The Dream","2022-02-11",2022,0.67,0.853,-5.962,158480,144.272,0.684
"36","Happier When You’re Gone","alt-J",4,"The Dream","2022-02-11",2022,0.543,0.461,-9.275,240480,133.998,0.199
"37","The Actor","alt-J",5,"The Dream","2022-02-11",2022,0.625,0.604,-8.33,240893,147.987,0.624
"38","Get Better","alt-J",6,"The Dream","2022-02-11",2022,0.592,0.116,-19.498,351293,106.086,0.466
"39","Chicago","alt-J",7,"The Dream","2022-02-11",2022,0.525,0.245,-16.181,235386,134.985,0.104
"40","Philadelphia","alt-J",8,"The Dream","2022-02-11",2022,0.496,0.424,-9.551,218093,97.429,0.177
"41","Walk a Mile","alt-J",9,"The Dream","2022-02-11",2022,0.445,0.33,-11.702,389933,142.266,0.223
"42","Delta","alt-J",10,"The Dream","2022-02-11",2022,0.338,0.226,-14.846,60040,140.109,0.039
"43","Losing My Mind","alt-J",11,"The Dream","2022-02-11",2022,0.465,0.348,-13.822,282000,130.027,0.349
"44","Powders","alt-J",12,"The Dream","2022-02-11",2022,0.553,0.219,-17.272,281586,138.087,0.305
"45","3WW (feat. Little Simz) - OTG Version","alt-J",1,"Reduxer","2018-09-28",2018,0.571,0.418,-11.766,307426,77.576,0.152
"46","In Cold Blood (feat. Pusha T) - Twin Shadow Version","alt-J",2,"Reduxer","2018-09-28",2018,0.795,0.48,-8.474,166533,142.979,0.314
"47","House of the Rising Sun (feat. Tuka) - Tuka Version","alt-J",3,"Reduxer","2018-09-28",2018,0.647,0.388,-12.009,293826,114.001,0.161
"48","Hit Me Like That Snare - Jimi Charles Moody Version","alt-J",4,"Reduxer","2018-09-28",2018,0.809,0.503,-9.766,212413,125.946,0.41
"49","Deadcrush (feat. Danny Brown) - Alchemist x Trooko Version","alt-J",5,"Reduxer","2018-09-28",2018,0.48,0.675,-6.099,243573,71.582,0.359
"50","Adeline (feat. Paigey Cakey and Hex) - ADP Version","alt-J",6,"Reduxer","2018-09-28",2018,0.714,0.701,-6.942,226706,141.995,0.486
"51","Last Year (feat. GoldLink) - Terrace Martin Version","alt-J",7,"Reduxer","2018-09-28",2018,0.751,0.428,-10.492,257600,81.993,0.4
"52","Pleader (feat. PJ Sin Suela) - Trooko Version","alt-J",8,"Reduxer","2018-09-28",2018,0.632,0.65,-9.749,286186,139.992,0.301
"53","3WW (feat. Lomepal) - Lomepal Version","alt-J",9,"Reduxer","2018-09-28",2018,0.458,0.513,-10.22,195680,143.44,0.228
"54","In Cold Blood (feat. Kontra K) - Kontra K Version","alt-J",10,"Reduxer","2018-09-28",2018,0.574,0.65,-7.541,214760,71.291,0.53
"55","Hit Me Like That Snare (feat. Rejjie Snow) - Rejjie Snow Version","alt-J",11,"Reduxer","2018-09-28",2018,0.864,0.464,-11.02,179746,126.004,0.329
"56","3WW","alt-J",1,"RELAXER","2017-06-02",2017,0.634,0.139,-15.102,300426,78.053,0.158
"57","In Cold Blood","alt-J",2,"RELAXER","2017-06-02",2017,0.495,0.745,-5.475,206026,143.398,0.589
"58","House of the Rising Sun","alt-J",3,"RELAXER","2017-06-02",2017,0.284,0.194,-16.879,320666,112.836,0.038
"59","Hit Me Like That Snare","alt-J",4,"RELAXER","2017-06-02",2017,0.471,0.766,-5.097,217960,125.803,0.212
"60","Deadcrush","alt-J",5,"RELAXER","2017-06-02",2017,0.648,0.622,-6.651,231013,142.979,0.604
"61","Adeline","alt-J",6,"RELAXER","2017-06-02",2017,0.418,0.329,-14.821,350333,142.026,0.0397
"62","Last Year","alt-J",7,"RELAXER","2017-06-02",2017,0.403,0.075,-21.393,366200,113.029,0.127
"63","Pleader","alt-J",8,"RELAXER","2017-06-02",2017,0.381,0.32,-15.042,348626,139.978,0.208
"64","Intro","alt-J",1,"This Is All Yours","2014-09-22",2014,0.543,0.657,-8.126,278028,134.975,0.284
"65","Arrival in Nara","alt-J",2,"This Is All Yours","2014-09-22",2014,0.484,0.0823,-20.53,253417,119.523,0.175
"66","Nara","alt-J",3,"This Is All Yours","2014-09-22",2014,0.511,0.519,-7.794,296057,146.968,0.0953
"67","Every Other Freckle","alt-J",4,"This Is All Yours","2014-09-22",2014,0.543,0.707,-7.636,216004,143.915,0.515
"68","Left Hand Free","alt-J",5,"This Is All Yours","2014-09-22",2014,0.697,0.877,-4.465,173630,101.99,0.802
"69","Garden of England - Interlude","alt-J",6,"This Is All Yours","2014-09-22",2014,0.219,0.0995,-27.833,67684,113.455,0.14
"70","Choice Kingdom","alt-J",7,"This Is All Yours","2014-09-22",2014,0.446,0.177,-19.427,257497,124.026,0.118
"71","Hunger of the Pine","alt-J",8,"This Is All Yours","2014-09-22",2014,0.6,0.413,-9.572,299710,93.618,0.0741
"72","Warm Foothills","alt-J",9,"This Is All Yours","2014-09-22",2014,0.274,0.209,-16.158,225017,92.997,0.0661
"73","The Gospel of John Hurt","alt-J",10,"This Is All Yours","2014-09-22",2014,0.426,0.499,-10.099,315524,134.923,0.203
"74","Pusher","alt-J",11,"This Is All Yours","2014-09-22",2014,0.619,0.0488,-18.962,209270,114.685,0.101
"75","Bloodflood, Pt. II","alt-J",12,"This Is All Yours","2014-09-22",2014,0.599,0.564,-9.484,319497,120.016,0.0992
"76","Leaving Nara","alt-J",13,"This Is All Yours","2014-09-22",2014,0.477,0.0378,-9.556,180830,120.158,0.0363
"77","Lovely Day","alt-J",14,"This Is All Yours","2014-09-22",2014,0.465,0.487,-8.743,241545,97.847,0.203
"78","Intro - Commentary","alt-J",1,"This Is All Yours (Album Commentary)","2014-09-16",2014,0.686,0.328,-18.191,53632,126.617,0.798
"79","Arrival in Nara - Commentary","alt-J",2,"This Is All Yours (Album Commentary)","2014-09-16",2014,0.758,0.342,-15.51,59373,55.511,0.958
"80","Nara - Commentary","alt-J",3,"This Is All Yours (Album Commentary)","2014-09-16",2014,0.722,0.227,-19.712,104898,102.173,0.737
"81","Every Other Freckle - Commentary","alt-J",4,"This Is All Yours (Album Commentary)","2014-09-16",2014,0.79,0.271,-18.177,99994,55.185,0.767
"82","Left Hand Free - Commentary","alt-J",5,"This Is All Yours (Album Commentary)","2014-09-16",2014,0.709,0.294,-18.186,77592,128.036,0.771
"83","Garden of England - Commentary","alt-J",6,"This Is All Yours (Album Commentary)","2014-09-16",2014,0.732,0.243,-19.372,38133,65.843,0.895
"84","Choice Kingdom - Commentary","alt-J",7,"This Is All Yours (Album Commentary)","2014-09-16",2014,0.702,0.185,-18.893,68992,75.816,0.674
"85","Hunger of the Pine - Commentary","alt-J",8,"This Is All Yours (Album Commentary)","2014-09-16",2014,0.749,0.174,-20.893,89365,75.948,0.756
"86","Warm Foothills - Commentary","alt-J",9,"This Is All Yours (Album Commentary)","2014-09-16",2014,0.689,0.236,-20.372,140173,68.841,0.718
"87","The Gospel of John Hurt - Commentary","alt-J",10,"This Is All Yours (Album Commentary)","2014-09-16",2014,0.71,0.199,-20.279,141576,128.61,0.56
"88","Pusher - Commentary","alt-J",11,"This Is All Yours (Album Commentary)","2014-09-16",2014,0.689,0.153,-20.17,41834,68.071,0.675
"89","Bloodflood, Pt. II - Commentary","alt-J",12,"This Is All Yours (Album Commentary)","2014-09-16",2014,0.625,0.222,-20.01,156957,169.038,0.672
"90","Leaving Nara - Commentary","alt-J",13,"This Is All Yours (Album Commentary)","2014-09-16",2014,0.747,0.295,-18.467,46784,64.305,0.943
"91","Intro","alt-J",1,"An Awesome Wave","2012-09-18",2012,0.583,0.8,-8.505,157813,144.022,0.253
"92","Interlude 1","alt-J",2,"An Awesome Wave","2012-09-18",2012,0.613,0.128,-13.851,72080,179.001,0.321
"93","Tessellate","alt-J",3,"An Awesome Wave","2012-09-18",2012,0.702,0.607,-6.509,181400,116.969,0.436
"94","Breezeblocks","alt-J",4,"An Awesome Wave","2012-09-18",2012,0.615,0.658,-7.299,227080,150.093,0.293
"95","Interlude 2","alt-J",5,"An Awesome Wave","2012-09-18",2012,0.483,0.0893,-27.743,77400,116.116,0.364
"96","Something Good","alt-J",6,"An Awesome Wave","2012-09-18",2012,0.682,0.581,-10.339,217320,108.98,0.539
"97","Dissolve Me","alt-J",7,"An Awesome Wave","2012-09-18",2012,0.557,0.605,-8.194,239013,107.951,0.121
"98","Matilda","alt-J",8,"An Awesome Wave","2012-09-18",2012,0.578,0.675,-9.208,228706,147.947,0.281
"99","Ms","alt-J",9,"An Awesome Wave","2012-09-18",2012,0.609,0.413,-11.407,238746,130.969,0.0697
"100","Fitzpleasure","alt-J",10,"An Awesome Wave","2012-09-18",2012,0.584,0.594,-6.935,219400,143.935,0.36
"101","Interlude 3","alt-J",11,"An Awesome Wave","2012-09-18",2012,0.307,0.0131,-32.719,52653,77.512,0.352
"102","Bloodflood","alt-J",12,"An Awesome Wave","2012-09-18",2012,0.685,0.535,-8.908,249426,130.028,0.22
"103","Taro","alt-J",13,"An Awesome Wave","2012-09-18",2012,0.359,0.48,-10.634,314986,171.75,0.283
"104","Hand-Made","alt-J",14,"An Awesome Wave","2012-09-18",2012,0.362,0.114,-13.077,157490,114.797,0.048
"105","There’d Better Be A Mirrorball","Arctic Monkeys",1,"The Car","2022-10-21",2022,0.521,0.365,-10.914,265798,143.789,0.324
"106","I Ain’t Quite Where I Think I Am","Arctic Monkeys",2,"The Car","2022-10-21",2022,0.544,0.337,-9.846,191173,192.685,0.667
"107","Sculptures Of Anything Goes","Arctic Monkeys",3,"The Car","2022-10-21",2022,0.591,0.309,-11.087,239151,71.573,0.257
"108","Jet Skis On The Moat","Arctic Monkeys",4,"The Car","2022-10-21",2022,0.651,0.244,-11.925,197576,149.759,0.395
"109","Body Paint","Arctic Monkeys",5,"The Car","2022-10-21",2022,0.556,0.315,-11.651,290584,143.327,0.256
"110","The Car","Arctic Monkeys",6,"The Car","2022-10-21",2022,0.428,0.365,-11.889,198554,94.033,0.236
"111","Big Ideas","Arctic Monkeys",7,"The Car","2022-10-21",2022,0.548,0.328,-9.973,237984,67.023,0.343
"112","Hello You","Arctic Monkeys",8,"The Car","2022-10-21",2022,0.394,0.452,-9.923,244932,169.298,0.653
"113","Mr Schwartz","Arctic Monkeys",9,"The Car","2022-10-21",2022,0.569,0.335,-13.637,210012,127.587,0.388
"114","Perfect Sense","Arctic Monkeys",10,"The Car","2022-10-21",2022,0.52,0.478,-10.862,167379,82.932,0.545
"115","Four Out Of Five - Live","Arctic Monkeys",1,"Live at the Royal Albert Hall","2020-12-04",2020,0.463,0.802,-7.804,331520,129.643,0.451
"116","Brianstorm - Live","Arctic Monkeys",2,"Live at the Royal Albert Hall","2020-12-04",2020,0.291,0.934,-8.238,209906,80.602,0.244
"117","Crying Lightning - Live","Arctic Monkeys",3,"Live at the Royal Albert Hall","2020-12-04",2020,0.329,0.867,-7.588,240706,104.671,0.324
"118","Do I Wanna Know? - Live","Arctic Monkeys",4,"Live at the Royal Albert Hall","2020-12-04",2020,0.252,0.77,-7.925,281093,84.366,0.305
"119","Why'd You Only Call Me When You're High? - Live","Arctic Monkeys",5,"Live at the Royal Albert Hall","2020-12-04",2020,0.371,0.811,-7.591,183680,91.691,0.533
"120","505 - Live","Arctic Monkeys",6,"Live at the Royal Albert Hall","2020-12-04",2020,0.343,0.724,-9.384,275733,139.451,0.186
"121","One Point Perspective - Live","Arctic Monkeys",7,"Live at the Royal Albert Hall","2020-12-04",2020,0.554,0.643,-9.395,202706,76.985,0.818
"122","Do Me A Favour - Live","Arctic Monkeys",8,"Live at the Royal Albert Hall","2020-12-04",2020,0.207,0.837,-9.093,239533,173.112,0.297
"123","Cornerstone - Live","Arctic Monkeys",9,"Live at the Royal Albert Hall","2020-12-04",2020,0.368,0.779,-7.564,221973,76.495,0.472
"124","Knee Socks - Live","Arctic Monkeys",10,"Live at the Royal Albert Hall","2020-12-04",2020,0.556,0.578,-9.992,350466,97.791,0.268
"125","Arabella - Live","Arctic Monkeys",11,"Live at the Royal Albert Hall","2020-12-04",2020,0.391,0.825,-8.18,246973,91.389,0.291
"126","Tranquility Base Hotel & Casino - Live","Arctic Monkeys",12,"Live at the Royal Albert Hall","2020-12-04",2020,0.428,0.75,-9.14,243240,142.657,0.383
"127","She Looks Like Fun - Live","Arctic Monkeys",13,"Live at the Royal Albert Hall","2020-12-04",2020,0.284,0.635,-8.476,201773,106.295,0.385
"128","From The Ritz To The Rubble - Live","Arctic Monkeys",14,"Live at the Royal Albert Hall","2020-12-04",2020,0.173,0.918,-7.598,221946,173.821,0.421
"129","Pretty Visitors - Live","Arctic Monkeys",15,"Live at the Royal Albert Hall","2020-12-04",2020,0.262,0.905,-6.681,241240,109.727,0.274
"130","Don't Sit Down 'Cause I've Moved Your Chair - Live","Arctic Monkeys",16,"Live at the Royal Albert Hall","2020-12-04",2020,0.267,0.809,-8.326,221253,113.656,0.38
"131","I Bet You Look Good On The Dancefloor - Live","Arctic Monkeys",17,"Live at the Royal Albert Hall","2020-12-04",2020,0.241,0.968,-7.381,293520,120.412,0.0991
"132","Star Treatment - Live","Arctic Monkeys",18,"Live at the Royal Albert Hall","2020-12-04",2020,0.507,0.703,-8.529,335213,120.299,0.51
"133","The View From The Afternoon - Live","Arctic Monkeys",19,"Live at the Royal Albert Hall","2020-12-04",2020,0.252,0.933,-7.33,264226,145.98,0.187
"134","R U Mine? - Live","Arctic Monkeys",20,"Live at the Royal Albert Hall","2020-12-04",2020,0.196,0.959,-6.71,371853,98.424,0.269
"135","Star Treatment","Arctic Monkeys",1,"Tranquility Base Hotel & Casino","2018-05-10",2018,0.581,0.767,-5.026,354640,120.07,0.673
"136","One Point Perspective","Arctic Monkeys",2,"Tranquility Base Hotel & Casino","2018-05-10",2018,0.714,0.585,-4.57,208640,77.104,0.842
"137","American Sports","Arctic Monkeys",3,"Tranquility Base Hotel & Casino","2018-05-10",2018,0.372,0.865,-4.288,158040,176.689,0.594
"138","Tranquility Base Hotel & Casino","Arctic Monkeys",4,"Tranquility Base Hotel & Casino","2018-05-10",2018,0.584,0.835,-4.326,211967,142.2,0.781
"139","Golden Trunks","Arctic Monkeys",5,"Tranquility Base Hotel & Casino","2018-05-10",2018,0.492,0.564,-5.811,173626,92.544,0.0896
"140","Four Out Of Five","Arctic Monkeys",6,"Tranquility Base Hotel & Casino","2018-05-10",2018,0.601,0.863,-4.31,312346,130.189,0.676
"141","The World's First Ever Monster Truck Front Flip","Arctic Monkeys",7,"Tranquility Base Hotel & Casino","2018-05-10",2018,0.602,0.601,-5.742,180013,145.075,0.553
"142","Science Fiction","Arctic Monkeys",8,"Tranquility Base Hotel & Casino","2018-05-10",2018,0.542,0.766,-5.411,185906,88.062,0.643
"143","She Looks Like Fun","Arctic Monkeys",9,"Tranquility Base Hotel & Casino","2018-05-10",2018,0.514,0.773,-3.754,182560,103.943,0.445
"144","Batphone","Arctic Monkeys",10,"Tranquility Base Hotel & Casino","2018-05-10",2018,0.675,0.681,-5.728,271613,106.521,0.675
"145","The Ultracheese","Arctic Monkeys",11,"Tranquility Base Hotel & Casino","2018-05-10",2018,0.476,0.555,-6.551,217720,131.497,0.426
"146","Do I Wanna Know?","Arctic Monkeys",1,"AM","2013-09-09",2013,0.548,0.532,-7.596,272394,85.03,0.405
"147","R U Mine?","Arctic Monkeys",2,"AM","2013-09-09",2013,0.288,0.758,-5.692,201726,97.094,0.619
"148","One For The Road","Arctic Monkeys",3,"AM","2013-09-09",2013,0.415,0.668,-6.849,206051,180.048,0.842
"149","Arabella","Arctic Monkeys",4,"AM","2013-09-09",2013,0.579,0.558,-6.986,207356,179.949,0.506
"150","I Want It All","Arctic Monkeys",5,"AM","2013-09-09",2013,0.499,0.81,-5.579,185406,131.052,0.288
"151","No. 1 Party Anthem","Arctic Monkeys",6,"AM","2013-09-09",2013,0.505,0.698,-5.563,243131,115.013,0.599
"152","Mad Sounds","Arctic Monkeys",7,"AM","2013-09-09",2013,0.532,0.462,-10.71,215011,80.001,0.485
"153","Fireside","Arctic Monkeys",8,"AM","2013-09-09",2013,0.538,0.953,-5.611,181049,100.033,0.74
"154","Why'd You Only Call Me When You're High?","Arctic Monkeys",9,"AM","2013-09-09",2013,0.691,0.631,-6.478,161123,92.004,0.8
"155","Snap Out Of It","Arctic Monkeys",10,"AM","2013-09-09",2013,0.728,0.638,-6.455,193030,130.014,0.872
"156","Knee Socks","Arctic Monkeys",11,"AM","2013-09-09",2013,0.665,0.542,-8.323,257563,97.975,0.587
"157","I Wanna Be Yours","Arctic Monkeys",12,"AM","2013-09-09",2013,0.464,0.417,-9.345,183956,67.528,0.479
"158","She's Thunderstorms","Arctic Monkeys",1,"Suck It and See","2011-06-06",2011,0.505,0.898,-4.906,234920,118.929,0.731
"159","Black Treacle","Arctic Monkeys",2,"Suck It and See","2011-06-06",2011,0.343,0.89,-5.759,217440,100.061,0.525
"160","Brick By Brick","Arctic Monkeys",3,"Suck It and See","2011-06-06",2011,0.285,0.807,-4.741,179906,132.206,0.542
"161","The Hellcat Spangled Shalalala","Arctic Monkeys",4,"Suck It and See","2011-06-06",2011,0.449,0.872,-4.992,180373,130.22,0.788
"162","Don't Sit Down 'Cause I've Moved Your Chair","Arctic Monkeys",5,"Suck It and See","2011-06-06",2011,0.434,0.912,-5.148,183506,119.729,0.315
"163","Library Pictures","Arctic Monkeys",6,"Suck It and See","2011-06-06",2011,0.304,0.939,-5.836,142173,96.954,0.402
"164","All My Own Stunts","Arctic Monkeys",7,"Suck It and See","2011-06-06",2011,0.511,0.943,-4.934,232280,127.283,0.531
"165","Reckless Serenade","Arctic Monkeys",8,"Suck It and See","2011-06-06",2011,0.585,0.694,-6.632,162746,127.966,0.785
"166","Piledriver Waltz","Arctic Monkeys",9,"Suck It and See","2011-06-06",2011,0.443,0.865,-4.547,203880,110.008,0.474
"167","Love is a Laserquest","Arctic Monkeys",10,"Suck It and See","2011-06-06",2011,0.349,0.662,-6.873,191426,169.926,0.554
"168","Suck It and See","Arctic Monkeys",11,"Suck It and See","2011-06-06",2011,0.339,0.932,-5.017,225986,128.291,0.586
"169","That's Where You're Wrong","Arctic Monkeys",12,"Suck It and See","2011-06-06",2011,0.481,0.883,-5.554,256800,135.937,0.46
"170","My Propeller","Arctic Monkeys",1,"Humbug","2009-08-20",2009,0.415,0.657,-6.758,205746,115.752,0.69
"171","Crying Lightning","Arctic Monkeys",2,"Humbug","2009-08-20",2009,0.498,0.885,-4.423,224826,106.719,0.67
"172","Dangerous Animals","Arctic Monkeys",3,"Humbug","2009-08-20",2009,0.34,0.922,-5.189,210666,125.363,0.532
"173","Secret Door","Arctic Monkeys",4,"Humbug","2009-08-20",2009,0.323,0.806,-6.554,223066,124.615,0.548
"174","Potion Approaching","Arctic Monkeys",5,"Humbug","2009-08-20",2009,0.421,0.758,-8.945,212133,103.659,0.767
"175","Fire And The Thud","Arctic Monkeys",6,"Humbug","2009-08-20",2009,0.566,0.61,-11.228,237533,114.904,0.406
"176","Cornerstone","Arctic Monkeys",7,"Humbug","2009-08-20",2009,0.287,0.721,-5.81,197973,169.252,0.763
"177","Dance Little Liar","Arctic Monkeys",8,"Humbug","2009-08-20",2009,0.538,0.607,-9.133,283493,100.158,0.543
"178","Pretty Visitors","Arctic Monkeys",9,"Humbug","2009-08-20",2009,0.244,0.896,-5.576,220506,83.354,0.142
"179","The Jeweller's Hands","Arctic Monkeys",10,"Humbug","2009-08-20",2009,0.51,0.8,-8.116,344053,96.935,0.391
"180","Brianstorm","Arctic Monkeys",1,"Favourite Worst Nightmare (Standard Version)","2007-04-24",2007,0.421,0.98,-4.229,170253,165.193,0.435
"181","Teddy Picker","Arctic Monkeys",2,"Favourite Worst Nightmare (Standard Version)","2007-04-24",2007,0.637,0.973,-3.386,160640,150.223,0.8
"182","D Is for Dangerous","Arctic Monkeys",3,"Favourite Worst Nightmare (Standard Version)","2007-04-24",2007,0.551,0.928,-4.776,134733,145.057,0.736
"183","Balaclava","Arctic Monkeys",4,"Favourite Worst Nightmare (Standard Version)","2007-04-24",2007,0.417,0.824,-4.524,167440,137.836,0.642
"184","Fluorescent Adolescent","Arctic Monkeys",5,"Favourite Worst Nightmare (Standard Version)","2007-04-24",2007,0.646,0.813,-5.29,173493,112.115,0.821
"185","Only Ones Who Know","Arctic Monkeys",6,"Favourite Worst Nightmare (Standard Version)","2007-04-24",2007,0.257,0.409,-10.828,181480,145.759,0.0794
"186","Do Me a Favour","Arctic Monkeys",7,"Favourite Worst Nightmare (Standard Version)","2007-04-24",2007,0.471,0.735,-6.685,205240,180.127,0.636
"187","This House Is a Circus","Arctic Monkeys",8,"Favourite Worst Nightmare (Standard Version)","2007-04-24",2007,0.472,0.909,-5.349,189680,155.311,0.388
"188","If You Were There, Beware","Arctic Monkeys",9,"Favourite Worst Nightmare (Standard Version)","2007-04-24",2007,0.232,0.8,-6.853,274200,201.1,0.224
"189","The Bad Thing","Arctic Monkeys",10,"Favourite Worst Nightmare (Standard Version)","2007-04-24",2007,0.545,0.953,-3.737,143213,111.121,0.591
"190","Old Yellow Bricks","Arctic Monkeys",11,"Favourite Worst Nightmare (Standard Version)","2007-04-24",2007,0.663,0.839,-4.453,187133,135.155,0.75
"191","505","Arctic Monkeys",12,"Favourite Worst Nightmare (Standard Version)","2007-04-24",2007,0.52,0.852,-5.866,253586,140.267,0.234
"192","The View From The Afternoon","Arctic Monkeys",1,"Whatever People Say I Am, That's What I'm Not","2006-01-29",2006,0.387,0.922,-5.192,222946,146.478,0.417
"193","I Bet You Look Good On The Dancefloor","Arctic Monkeys",2,"Whatever People Say I Am, That's What I'm Not","2006-01-29",2006,0.535,0.948,-4.19,173680,103.183,0.778
"194","Fake Tales Of San Francisco","Arctic Monkeys",3,"Whatever People Say I Am, That's What I'm Not","2006-01-29",2006,0.454,0.778,-4.225,177946,127.158,0.704
"195","Dancing Shoes","Arctic Monkeys",4,"Whatever People Say I Am, That's What I'm Not","2006-01-29",2006,0.522,0.889,-4.137,141133,144.499,0.852
"196","You Probably Couldn't See For The Lights But You Were Staring Straight At Me","Arctic Monkeys",5,"Whatever People Say I Am, That's What I'm Not","2006-01-29",2006,0.58,0.972,-4.274,130813,105.492,0.926
"197","Still Take You Home","Arctic Monkeys",6,"Whatever People Say I Am, That's What I'm Not","2006-01-29",2006,0.599,0.946,-4.192,173666,108.934,0.653
"198","Riot Van","Arctic Monkeys",7,"Whatever People Say I Am, That's What I'm Not","2006-01-29",2006,0.593,0.333,-14.342,134933,103.537,0.258
"199","Red Light Indicates Doors Are Secured","Arctic Monkeys",8,"Whatever People Say I Am, That's What I'm Not","2006-01-29",2006,0.622,0.846,-4.831,143626,110.683,0.914
"200","Mardy Bum","Arctic Monkeys",9,"Whatever People Say I Am, That's What I'm Not","2006-01-29",2006,0.634,0.599,-5.447,175440,112.215,0.312
"201","Perhaps Vampires Is A Bit Strong But…","Arctic Monkeys",10,"Whatever People Say I Am, That's What I'm Not","2006-01-29",2006,0.371,0.914,-4.917,268626,134.982,0.394
"202","When The Sun Goes Down","Arctic Monkeys",11,"Whatever People Say I Am, That's What I'm Not","2006-01-29",2006,0.348,0.875,-4.758,202133,169.152,0.407
"203","From The Ritz To The Rubble","Arctic Monkeys",12,"Whatever People Say I Am, That's What I'm Not","2006-01-29",2006,0.216,0.882,-5.176,193426,189.286,0.656
"204","A Certain Romance","Arctic Monkeys",13,"Whatever People Say I Am, That's What I'm Not","2006-01-29",2006,0.455,0.881,-5.587,331200,137.949,0.201
"205","The Grants","Lana Del Rey",1,"Did you know that there's a tunnel under Ocean Blvd","2023-03-24",2023,0.364,0.167,-12.168,295201,121.218,0.143
"206","Did you know that there's a tunnel under Ocean Blvd","Lana Del Rey",2,"Did you know that there's a tunnel under Ocean Blvd","2023-03-24",2023,0.457,0.343,-9.387,285050,119.94,0.0562
"207","Sweet","Lana Del Rey",3,"Did you know that there's a tunnel under Ocean Blvd","2023-03-24",2023,0.326,0.245,-12.337,215295,126.725,0.0695
"208","A&W","Lana Del Rey",4,"Did you know that there's a tunnel under Ocean Blvd","2023-03-24",2023,0.421,0.247,-14.655,433916,161.468,0.139
"209","Judah Smith Interlude","Lana Del Rey",5,"Did you know that there's a tunnel under Ocean Blvd","2023-03-24",2023,0.476,0.33,-10.48,276757,77.111,0.368
"210","Candy Necklace (feat. Jon Batiste)","Lana Del Rey",6,"Did you know that there's a tunnel under Ocean Blvd","2023-03-24",2023,0.343,0.142,-16.432,314520,116.295,0.0799
"211","Jon Batiste Interlude","Lana Del Rey",7,"Did you know that there's a tunnel under Ocean Blvd","2023-03-24",2023,0.291,0.319,-11.651,213435,103.496,0.0653
"212","Kintsugi","Lana Del Rey",8,"Did you know that there's a tunnel under Ocean Blvd","2023-03-24",2023,0.447,0.0858,-15.806,378951,116.091,0.173
"213","Fingertips","Lana Del Rey",9,"Did you know that there's a tunnel under Ocean Blvd","2023-03-24",2023,0.439,0.192,-13.564,348256,124.232,0.0786
"214","Paris, Texas (feat. SYML)","Lana Del Rey",10,"Did you know that there's a tunnel under Ocean Blvd","2023-03-24",2023,0.315,0.102,-17.621,206722,169.69,0.185
"215","Grandfather please stand on the shoulders of my father while he's deep-sea fishing (feat. RIOPY)","Lana Del Rey",11,"Did you know that there's a tunnel under Ocean Blvd","2023-03-24",2023,0.348,0.224,-10.36,240287,79.608,0.0818
"216","Let The Light In (feat. Father John Misty)","Lana Del Rey",12,"Did you know that there's a tunnel under Ocean Blvd","2023-03-24",2023,0.327,0.452,-9.726,278126,132.427,0.202
"217","Margaret (feat. Bleachers)","Lana Del Rey",13,"Did you know that there's a tunnel under Ocean Blvd","2023-03-24",2023,0.452,0.247,-13.24,339890,102.412,0.216
"218","Fishtail","Lana Del Rey",14,"Did you know that there's a tunnel under Ocean Blvd","2023-03-24",2023,0.529,0.235,-15.226,242548,89.042,0.0659
"219","Peppers (feat. Tommy Genesis)","Lana Del Rey",15,"Did you know that there's a tunnel under Ocean Blvd","2023-03-24",2023,0.487,0.515,-11.767,248928,156.738,0.35
"220","Taco Truck x VB","Lana Del Rey",16,"Did you know that there's a tunnel under Ocean Blvd","2023-03-24",2023,0.382,0.366,-12.146,353277,157.862,0.0395
"221","Text Book","Lana Del Rey",1,"Blue Banisters","2021-10-22",2021,0.424,0.318,-9.915,303227,119.396,0.102
"222","Blue Banisters","Lana Del Rey",2,"Blue Banisters","2021-10-22",2021,0.373,0.114,-13.171,293692,90.945,0.172
"223","Arcadia","Lana Del Rey",3,"Blue Banisters","2021-10-22",2021,0.323,0.106,-10.374,263399,91.455,0.158
"224","Interlude - The Trio","Lana Del Rey",4,"Blue Banisters","2021-10-22",2021,0.376,0.493,-14.03,75960,102.845,0.119
"225","Black Bathing Suit","Lana Del Rey",5,"Blue Banisters","2021-10-22",2021,0.418,0.377,-11.612,318040,113.936,0.283
"226","If You Lie Down With Me","Lana Del Rey",6,"Blue Banisters","2021-10-22",2021,0.641,0.346,-9.508,265186,122.101,0.187
"227","Beautiful","Lana Del Rey",7,"Blue Banisters","2021-10-22",2021,0.552,0.202,-10.685,215760,78.021,0.237
"228","Violets for Roses","Lana Del Rey",8,"Blue Banisters","2021-10-22",2021,0.513,0.21,-10.472,255040,88.021,0.14
"229","Dealer","Lana Del Rey",9,"Blue Banisters","2021-10-22",2021,0.602,0.59,-6.346,274293,130.08,0.381
"230","Thunder","Lana Del Rey",10,"Blue Banisters","2021-10-22",2021,0.483,0.475,-8.442,259466,73.862,0.237
"231","Wildflower Wildfire","Lana Del Rey",11,"Blue Banisters","2021-10-22",2021,0.547,0.205,-10.021,287840,105.745,0.222
"232","Nectar Of The Gods","Lana Del Rey",12,"Blue Banisters","2021-10-22",2021,0.447,0.165,-9.275,259893,101.758,0.122
"233","Living Legend","Lana Del Rey",13,"Blue Banisters","2021-10-22",2021,0.402,0.219,-9.244,241426,126.595,0.166
"234","Cherry Blossom","Lana Del Rey",14,"Blue Banisters","2021-10-22",2021,0.413,0.119,-12.499,197933,111.11,0.216
"235","Sweet Carolina","Lana Del Rey",15,"Blue Banisters","2021-10-22",2021,0.45,0.148,-11.802,201779,79.727,0.0758
"236","White Dress","Lana Del Rey",1,"Chemtrails Over The Country Club","2021-03-19",2021,0.493,0.263,-12.805,333710,122.792,0.158
"237","Chemtrails Over The Country Club","Lana Del Rey",2,"Chemtrails Over The Country Club","2021-03-19",2021,0.334,0.276,-13.125,271176,201.025,0.429
"238","Tulsa Jesus Freak","Lana Del Rey",3,"Chemtrails Over The Country Club","2021-03-19",2021,0.387,0.339,-12.962,215673,137.199,0.273
"239","Let Me Love You Like A Woman","Lana Del Rey",4,"Chemtrails Over The Country Club","2021-03-19",2021,0.303,0.249,-11.715,200661,66.932,0.131
"240","Wild At Heart","Lana Del Rey",5,"Chemtrails Over The Country Club","2021-03-19",2021,0.397,0.206,-12.487,246609,120.702,0.27
"241","Dark But Just A Game","Lana Del Rey",6,"Chemtrails Over The Country Club","2021-03-19",2021,0.397,0.262,-14.608,235664,80.434,0.124
"242","Not All Who Wander Are Lost","Lana Del Rey",7,"Chemtrails Over The Country Club","2021-03-19",2021,0.445,0.116,-14.87,245634,167.992,0.139
"243","Yosemite","Lana Del Rey",8,"Chemtrails Over The Country Club","2021-03-19",2021,0.584,0.283,-12.893,306205,106.068,0.278
"244","Breaking Up Slowly","Lana Del Rey",9,"Chemtrails Over The Country Club","2021-03-19",2021,0.37,0.314,-9.677,177535,97.4,0.221
"245","Dance Till We Die","Lana Del Rey",10,"Chemtrails Over The Country Club","2021-03-19",2021,0.359,0.236,-13.46,243035,126.227,0.244
"246","For Free","Lana Del Rey",11,"Chemtrails Over The Country Club","2021-03-19",2021,0.502,0.105,-13.381,251818,114.043,0.203
"247","Norman fucking Rockwell","Lana Del Rey",1,"Norman Fucking Rockwell!","2019-08-30",2019,0.215,0.203,-12.65,248934,78.287,0.143
"248","Mariners Apartment Complex","Lana Del Rey",2,"Norman Fucking Rockwell!","2019-08-30",2019,0.531,0.252,-12.765,247150,76.054,0.159
"249","Venice Bitch","Lana Del Rey",3,"Norman Fucking Rockwell!","2019-08-30",2019,0.368,0.286,-13.031,577199,77.826,0.312
"250","Fuck it I love you","Lana Del Rey",4,"Norman Fucking Rockwell!","2019-08-30",2019,0.534,0.452,-10.732,218287,129.974,0.175
"251","Doin' Time","Lana Del Rey",5,"Norman Fucking Rockwell!","2019-08-30",2019,0.641,0.559,-11.132,202192,144.982,0.523
"252","Love song","Lana Del Rey",6,"Norman Fucking Rockwell!","2019-08-30",2019,0.384,0.0701,-16.512,229325,63.425,0.288
"253","Cinnamon Girl","Lana Del Rey",7,"Norman Fucking Rockwell!","2019-08-30",2019,0.294,0.337,-10.614,300683,91.781,0.135
"254","How to disappear","Lana Del Rey",8,"Norman Fucking Rockwell!","2019-08-30",2019,0.538,0.304,-11.79,228071,78.997,0.065
"255","California","Lana Del Rey",9,"Norman Fucking Rockwell!","2019-08-30",2019,0.449,0.41,-8.067,305899,123.758,0.195
"256","The Next Best American Record","Lana Del Rey",10,"Norman Fucking Rockwell!","2019-08-30",2019,0.569,0.354,-9.862,349347,108.083,0.118
"257","The greatest","Lana Del Rey",11,"Norman Fucking Rockwell!","2019-08-30",2019,0.443,0.226,-12.507,300360,79.142,0.196
"258","Bartender","Lana Del Rey",12,"Norman Fucking Rockwell!","2019-08-30",2019,0.582,0.102,-14.712,263441,131.773,0.494
"259","Happiness is a butterfly","Lana Del Rey",13,"Norman Fucking Rockwell!","2019-08-30",2019,0.467,0.119,-10.99,272485,70.499,0.156
"260","hope is a dangerous thing for a woman like me to have - but I have it","Lana Del Rey",14,"Norman Fucking Rockwell!","2019-08-30",2019,0.49,0.104,-13.208,324498,86.675,0.278
"261","Love","Lana Del Rey",1,"Lust For Life","2017-07-21",2017,0.527,0.366,-10.943,272742,98.994,0.234
"262","Lust For Life (with The Weeknd)","Lana Del Rey",2,"Lust For Life","2017-07-21",2017,0.504,0.655,-8.644,264066,99.982,0.262
"263","13 Beaches","Lana Del Rey",3,"Lust For Life","2017-07-21",2017,0.333,0.389,-9.132,295569,144.204,0.25
"264","Cherry","Lana Del Rey",4,"Lust For Life","2017-07-21",2017,0.449,0.534,-9.493,180902,94.261,0.342
"265","White Mustang","Lana Del Rey",5,"Lust For Life","2017-07-21",2017,0.658,0.46,-8.646,164710,114.801,0.223
"266","Summer Bummer (feat. A$AP Rocky & Playboi Carti)","Lana Del Rey",6,"Lust For Life","2017-07-21",2017,0.76,0.574,-8.57,260672,134.981,0.137
"267","Groupie Love (feat. A$AP Rocky)","Lana Del Rey",7,"Lust For Life","2017-07-21",2017,0.359,0.6,-7.317,264037,175.894,0.195
"268","In My Feelings","Lana Del Rey",8,"Lust For Life","2017-07-21",2017,0.54,0.674,-6.351,238718,89.933,0.309
"269","Coachella - Woodstock In My Mind","Lana Del Rey",9,"Lust For Life","2017-07-21",2017,0.535,0.658,-7.425,258397,129.835,0.413
"270","God Bless America - And All The Beautiful Women In It","Lana Del Rey",10,"Lust For Life","2017-07-21",2017,0.374,0.697,-6.544,276437,87.96,0.244
"271","When The World Was At War We Kept Dancing","Lana Del Rey",11,"Lust For Life","2017-07-21",2017,0.616,0.605,-7.234,275616,116.031,0.185
"272","Beautiful People Beautiful Problems (feat. Stevie Nicks)","Lana Del Rey",12,"Lust For Life","2017-07-21",2017,0.509,0.43,-8.387,253531,122.919,0.128
"273","Tomorrow Never Came (feat. Sean Ono Lennon)","Lana Del Rey",13,"Lust For Life","2017-07-21",2017,0.297,0.402,-9.757,307540,138.019,0.177
"274","Heroin","Lana Del Rey",14,"Lust For Life","2017-07-21",2017,0.352,0.41,-8.796,355184,118.721,0.0952
"275","Change","Lana Del Rey",15,"Lust For Life","2017-07-21",2017,0.558,0.246,-10.914,321200,85.672,0.303
"276","Get Free","Lana Del Rey",16,"Lust For Life","2017-07-21",2017,0.205,0.472,-10.45,334294,203.944,0.0392
"277","Honeymoon","Lana Del Rey",1,"Honeymoon","2015-09-18",2015,0.169,0.269,-13.265,350058,74.847,0.173
"278","Music To Watch Boys To","Lana Del Rey",2,"Honeymoon","2015-09-18",2015,0.4,0.494,-8.04,290625,132.016,0.134
"279","Terrence Loves You","Lana Del Rey",3,"Honeymoon","2015-09-18",2015,0.296,0.25,-10.088,290636,102.031,0.0898
"280","God Knows I Tried","Lana Del Rey",4,"Honeymoon","2015-09-18",2015,0.398,0.428,-8.292,280653,81.017,0.111
"281","High By The Beach","Lana Del Rey",5,"Honeymoon","2015-09-18",2015,0.536,0.486,-11.067,257573,131.988,0.0968
"282","Freak","Lana Del Rey",6,"Honeymoon","2015-09-18",2015,0.287,0.43,-10.014,295093,93.984,0.109
"283","Art Deco","Lana Del Rey",7,"Honeymoon","2015-09-18",2015,0.282,0.464,-11.112,295066,148.345,0.0596
"284","Burnt Norton - Interlude","Lana Del Rey",8,"Honeymoon","2015-09-18",2015,0.28,0.304,-18.57,81960,85.765,0.523
"285","Religion","Lana Del Rey",9,"Honeymoon","2015-09-18",2015,0.416,0.459,-9.977,323280,135.689,0.175
"286","Salvatore","Lana Del Rey",10,"Honeymoon","2015-09-18",2015,0.304,0.311,-9.647,281093,117.68,0.115
"287","The Blackest Day","Lana Del Rey",11,"Honeymoon","2015-09-18",2015,0.445,0.522,-8.007,365760,107.752,0.162
"288","24","Lana Del Rey",12,"Honeymoon","2015-09-18",2015,0.284,0.372,-9.821,295960,98.181,0.0853
"289","Swan Song","Lana Del Rey",13,"Honeymoon","2015-09-18",2015,0.34,0.361,-11.567,323475,81.765,0.0392
"290","Don't Let Me Be Misunderstood","Lana Del Rey",14,"Honeymoon","2015-09-18",2015,0.327,0.351,-10.488,181897,80.386,0.063
"291","Cruel World","Lana Del Rey",1,"Ultraviolence (Deluxe)","2014-01-01",2014,0.33,0.507,-6.368,399083,122.164,0.177
"292","Ultraviolence","Lana Del Rey",2,"Ultraviolence (Deluxe)","2014-01-01",2014,0.144,0.541,-7.076,251480,79.262,0.0899
"293","Shades Of Cool","Lana Del Rey",3,"Ultraviolence (Deluxe)","2014-01-01",2014,0.262,0.482,-6.863,342093,137.918,0.0878
"294","Brooklyn Baby","Lana Del Rey",4,"Ultraviolence (Deluxe)","2014-01-01",2014,0.404,0.664,-6.698,351640,107.747,0.0949
"295","West Coast","Lana Del Rey",5,"Ultraviolence (Deluxe)","2014-01-01",2014,0.527,0.591,-7.664,256760,123.167,0.461
"296","Sad Girl","Lana Del Rey",6,"Ultraviolence (Deluxe)","2014-01-01",2014,0.345,0.587,-8.346,317760,119.479,0.258
"297","Pretty When You Cry","Lana Del Rey",7,"Ultraviolence (Deluxe)","2014-01-01",2014,0.509,0.547,-6.548,234146,109.436,0.197
"298","Money Power Glory","Lana Del Rey",8,"Ultraviolence (Deluxe)","2014-01-01",2014,0.349,0.525,-6.829,270680,136.762,0.288
"299","Fucked My Way Up To The Top","Lana Del Rey",9,"Ultraviolence (Deluxe)","2014-01-01",2014,0.52,0.69,-5.919,212226,129.839,0.182
"300","Old Money","Lana Del Rey",10,"Ultraviolence (Deluxe)","2014-01-01",2014,0.312,0.168,-12.476,271480,108.115,0.154
"301","The Other Woman","Lana Del Rey",11,"Ultraviolence (Deluxe)","2014-01-01",2014,0.255,0.468,-6.43,181960,111.67,0.175
"302","Black Beauty","Lana Del Rey",12,"Ultraviolence (Deluxe)","2014-01-01",2014,0.32,0.529,-7.595,314533,119.898,0.103
"303","Guns And Roses","Lana Del Rey",13,"Ultraviolence (Deluxe)","2014-01-01",2014,0.533,0.666,-8.957,270640,108.928,0.343
"304","Florida Kilos","Lana Del Rey",14,"Ultraviolence (Deluxe)","2014-01-01",2014,0.266,0.513,-7.852,256040,200.781,0.579
"305","Ride","Lana Del Rey",1,"Paradise","2012-11-09",2012,0.373,0.686,-5.52,289080,93.763,0.189
"306","American","Lana Del Rey",2,"Paradise","2012-11-09",2012,0.397,0.585,-6.518,248907,143.983,0.18
"307","Cola","Lana Del Rey",3,"Paradise","2012-11-09",2012,0.298,0.668,-5.536,260893,110.063,0.121
"308","Body Electric","Lana Del Rey",4,"Paradise","2012-11-09",2012,0.245,0.492,-9.397,233440,167.7,0.104
"309","Blue Velvet","Lana Del Rey",5,"Paradise","2012-11-09",2012,0.189,0.317,-8.631,158653,84.809,0.251
"310","Gods & Monsters","Lana Del Rey",6,"Paradise","2012-11-09",2012,0.352,0.725,-6.463,237640,189.767,0.339
"311","Yayo","Lana Del Rey",7,"Paradise","2012-11-09",2012,0.506,0.201,-12.931,321053,71.925,0.145
"312","Bel Air","Lana Del Rey",8,"Paradise","2012-11-09",2012,0.346,0.42,-11.506,237640,83.56,0.303
"313","Born To Die","Lana Del Rey",1,"Born To Die","2012-01-30",2012,0.18,0.636,-6.591,286253,75.632,0.39
"314","Off To The Races","Lana Del Rey",2,"Born To Die","2012-01-30",2012,0.4,0.722,-5.566,299920,160.065,0.136
"315","Blue Jeans","Lana Del Rey",3,"Born To Die","2012-01-30",2012,0.559,0.835,-4.475,209453,117.885,0.504
"316","Video Games","Lana Del Rey",4,"Born To Die","2012-01-30",2012,0.39,0.255,-9.676,281946,122.056,0.179
"317","Diet Mountain Dew","Lana Del Rey",5,"Born To Die","2012-01-30",2012,0.46,0.683,-5.97,222920,175.743,0.592
"318","National Anthem","Lana Del Rey",6,"Born To Die","2012-01-30",2012,0.535,0.902,-6.001,230533,84.929,0.415
"319","Dark Paradise","Lana Del Rey",7,"Born To Die","2012-01-30",2012,0.586,0.641,-8.342,243173,120.015,0.402
"320","Radio","Lana Del Rey",8,"Born To Die","2012-01-30",2012,0.312,0.841,-5.244,214586,75.112,0.185
"321","Carmen","Lana Del Rey",9,"Born To Die","2012-01-30",2012,0.487,0.426,-9.56,248720,100.056,0.0376
"322","Million Dollar Man","Lana Del Rey",10,"Born To Die","2012-01-30",2012,0.2,0.581,-6.004,230120,197.098,0.53
"323","Summertime Sadness","Lana Del Rey",11,"Born To Die","2012-01-30",2012,0.565,0.647,-6.789,264773,111.931,0.216
"324","This Is What Makes Us Girls","Lana Del Rey",12,"Born To Die","2012-01-30",2012,0.531,0.829,-6.889,238373,137.965,0.417
"325","Born To Die - Woodkid & The Shoes Remix","Lana Del Rey",13,"Born To Die","2012-01-30",2012,0.577,0.678,-8.847,241040,92.988,0.206
"326","Born To Die","Lana Del Rey",1,"Born To Die – Paradise Edition (Special Version)","2012-01-01",2012,0.393,0.634,-6.629,286253,85.767,0.395
"327","Off To The Races","Lana Del Rey",2,"Born To Die – Paradise Edition (Special Version)","2012-01-01",2012,0.398,0.724,-5.566,299933,160.068,0.126
"328","Blue Jeans - Remastered 2011","Lana Del Rey",3,"Born To Die – Paradise Edition (Special Version)","2012-01-01",2012,0.553,0.828,-4.399,209440,117.948,0.504
"329","Video Games","Lana Del Rey",4,"Born To Die – Paradise Edition (Special Version)","2012-01-01",2012,0.39,0.252,-9.666,281946,122.053,0.181
"330","Diet Mountain Dew","Lana Del Rey",5,"Born To Die – Paradise Edition (Special Version)","2012-01-01",2012,0.442,0.68,-5.971,222920,176.09,0.601
"331","National Anthem","Lana Del Rey",6,"Born To Die – Paradise Edition (Special Version)","2012-01-01",2012,0.533,0.901,-6.008,230533,84.959,0.432
"332","Dark Paradise","Lana Del Rey",7,"Born To Die – Paradise Edition (Special Version)","2012-01-01",2012,0.582,0.637,-8.347,243173,119.996,0.411
"333","Radio","Lana Del Rey",8,"Born To Die – Paradise Edition (Special Version)","2012-01-01",2012,0.42,0.837,-5.24,214586,75.043,0.196
"334","Carmen","Lana Del Rey",9,"Born To Die – Paradise Edition (Special Version)","2012-01-01",2012,0.514,0.426,-9.557,248720,100.029,0.0377
"335","Million Dollar Man","Lana Del Rey",10,"Born To Die – Paradise Edition (Special Version)","2012-01-01",2012,0.201,0.589,-5.97,230120,197.847,0.55
"336","Summertime Sadness","Lana Del Rey",11,"Born To Die – Paradise Edition (Special Version)","2012-01-01",2012,0.566,0.647,-6.815,264773,111.96,0.22
"337","This Is What Makes Us Girls","Lana Del Rey",12,"Born To Die – Paradise Edition (Special Version)","2012-01-01",2012,0.533,0.835,-6.897,238373,138.023,0.438
"338","Without You","Lana Del Rey",13,"Born To Die – Paradise Edition (Special Version)","2012-01-01",2012,0.586,0.575,-8.404,228933,111.948,0.595
"339","Lolita","Lana Del Rey",14,"Born To Die – Paradise Edition (Special Version)","2012-01-01",2012,0.503,0.94,-4.28,219026,136.001,0.151
"340","Lucky Ones","Lana Del Rey",15,"Born To Die – Paradise Edition (Special Version)","2012-01-01",2012,0.321,0.425,-7.19,227306,134.436,0.319
"341","Ride","Lana Del Rey",1,"Born To Die – Paradise Edition (Special Version)","2012-01-01",2012,0.373,0.686,-5.52,289080,93.763,0.189
"342","American","Lana Del Rey",2,"Born To Die – Paradise Edition (Special Version)","2012-01-01",2012,0.397,0.585,-6.518,248907,143.983,0.18
"343","Cola","Lana Del Rey",3,"Born To Die – Paradise Edition (Special Version)","2012-01-01",2012,0.298,0.668,-5.536,260893,110.063,0.121
"344","Body Electric","Lana Del Rey",4,"Born To Die – Paradise Edition (Special Version)","2012-01-01",2012,0.245,0.492,-9.397,233440,167.7,0.104
"345","Blue Velvet","Lana Del Rey",5,"Born To Die – Paradise Edition (Special Version)","2012-01-01",2012,0.189,0.317,-8.631,158653,84.808,0.251
"346","Gods & Monsters","Lana Del Rey",6,"Born To Die – Paradise Edition (Special Version)","2012-01-01",2012,0.352,0.725,-6.463,237640,189.767,0.339
"347","Yayo","Lana Del Rey",7,"Born To Die – Paradise Edition (Special Version)","2012-01-01",2012,0.506,0.201,-12.931,321053,71.925,0.145
"348","Bel Air","Lana Del Rey",8,"Born To Die – Paradise Edition (Special Version)","2012-01-01",2012,0.346,0.42,-11.506,237640,83.56,0.303
"349","Burning Desire","Lana Del Rey",9,"Born To Die – Paradise Edition (Special Version)","2012-01-01",2012,0.481,0.641,-10.8,231132,131.812,0.161
"350","Born To Die","Lana Del Rey",1,"Born To Die - The Paradise Edition","2012-01-01",2012,0.428,0.626,-6.639,285400,86.02,0.379
"351","Off To The Races","Lana Del Rey",2,"Born To Die - The Paradise Edition","2012-01-01",2012,0.399,0.721,-5.562,299933,160.125,0.113
"352","Blue Jeans","Lana Del Rey",3,"Born To Die - The Paradise Edition","2012-01-01",2012,0.558,0.837,-4.405,209440,117.963,0.488
"353","Video Games","Lana Del Rey",4,"Born To Die - The Paradise Edition","2012-01-01",2012,0.236,0.249,-9.595,281960,72.847,0.181
"354","Diet Mountain Dew","Lana Del Rey",5,"Born To Die - The Paradise Edition","2012-01-01",2012,0.595,0.696,-5.921,222920,88.013,0.533
"355","National Anthem","Lana Del Rey",6,"Born To Die - The Paradise Edition","2012-01-01",2012,0.532,0.899,-5.935,230520,85,0.436
"356","Dark Paradise","Lana Del Rey",7,"Born To Die - The Paradise Edition","2012-01-01",2012,0.6,0.653,-8.309,243187,119.994,0.43
"357","Radio","Lana Del Rey",8,"Born To Die - The Paradise Edition","2012-01-01",2012,0.423,0.857,-5.173,214573,75.024,0.196
"358","Carmen","Lana Del Rey",9,"Born To Die - The Paradise Edition","2012-01-01",2012,0.524,0.427,-9.57,248720,100.024,0.0379
"359","Million Dollar Man","Lana Del Rey",10,"Born To Die - The Paradise Edition","2012-01-01",2012,0.382,0.589,-5.991,231573,65.627,0.511
"360","Summertime Sadness","Lana Del Rey",11,"Born To Die - The Paradise Edition","2012-01-01",2012,0.565,0.654,-6.826,265427,111.968,0.235
"361","This Is What Makes Us Girls","Lana Del Rey",12,"Born To Die - The Paradise Edition","2012-01-01",2012,0.534,0.842,-7.031,238427,138.004,0.441
"362","Without You","Lana Del Rey",13,"Born To Die - The Paradise Edition","2012-01-01",2012,0.586,0.593,-8.394,229293,111.942,0.668
"363","Lolita","Lana Del Rey",14,"Born To Die - The Paradise Edition","2012-01-01",2012,0.493,0.946,-4.304,220040,135.955,0.134
"364","Lucky Ones","Lana Del Rey",15,"Born To Die - The Paradise Edition","2012-01-01",2012,0.375,0.416,-7.149,225069,134.923,0.271
"365","Ride","Lana Del Rey",1,"Born To Die - The Paradise Edition","2012-01-01",2012,0.373,0.686,-5.52,289080,93.763,0.189
"366","American","Lana Del Rey",2,"Born To Die - The Paradise Edition","2012-01-01",2012,0.397,0.585,-6.518,248907,143.983,0.18
"367","Cola","Lana Del Rey",3,"Born To Die - The Paradise Edition","2012-01-01",2012,0.298,0.668,-5.536,260893,110.063,0.121
"368","Body Electric","Lana Del Rey",4,"Born To Die - The Paradise Edition","2012-01-01",2012,0.245,0.492,-9.397,233440,167.7,0.104
"369","Blue Velvet","Lana Del Rey",5,"Born To Die - The Paradise Edition","2012-01-01",2012,0.189,0.317,-8.631,158653,84.809,0.251
"370","Gods & Monsters","Lana Del Rey",6,"Born To Die - The Paradise Edition","2012-01-01",2012,0.352,0.725,-6.463,237640,189.767,0.339
"371","Yayo","Lana Del Rey",7,"Born To Die - The Paradise Edition","2012-01-01",2012,0.506,0.201,-12.931,321053,71.925,0.145
"372","Bel Air","Lana Del Rey",8,"Born To Die - The Paradise Edition","2012-01-01",2012,0.346,0.42,-11.506,237640,83.56,0.303
"373","Born To Die","Lana Del Rey",1,"Born To Die (Deluxe Version)","2011-01-01",2011,0.18,0.636,-6.591,286253,75.223,0.39
"374","Off To The Races","Lana Del Rey",2,"Born To Die (Deluxe Version)","2011-01-01",2011,0.4,0.722,-5.566,299920,160.065,0.136
"375","Blue Jeans","Lana Del Rey",3,"Born To Die (Deluxe Version)","2011-01-01",2011,0.559,0.835,-4.475,209453,117.885,0.504
"376","Video Games","Lana Del Rey",4,"Born To Die (Deluxe Version)","2011-01-01",2011,0.39,0.255,-9.676,281946,122.056,0.179
"377","Diet Mountain Dew","Lana Del Rey",5,"Born To Die (Deluxe Version)","2011-01-01",2011,0.46,0.683,-5.97,222920,175.743,0.592
"378","National Anthem","Lana Del Rey",6,"Born To Die (Deluxe Version)","2011-01-01",2011,0.535,0.902,-6.001,230533,84.929,0.415
"379","Dark Paradise","Lana Del Rey",7,"Born To Die (Deluxe Version)","2011-01-01",2011,0.586,0.641,-8.342,243173,120.015,0.402
"380","Radio","Lana Del Rey",8,"Born To Die (Deluxe Version)","2011-01-01",2011,0.312,0.841,-5.244,214586,75.112,0.185
"381","Carmen","Lana Del Rey",9,"Born To Die (Deluxe Version)","2011-01-01",2011,0.487,0.426,-9.56,248720,100.056,0.0376
"382","Million Dollar Man","Lana Del Rey",10,"Born To Die (Deluxe Version)","2011-01-01",2011,0.2,0.581,-6.004,230120,197.098,0.53
"383","Summertime Sadness","Lana Del Rey",11,"Born To Die (Deluxe Version)","2011-01-01",2011,0.565,0.647,-6.789,264773,111.931,0.216
"384","This Is What Makes Us Girls","Lana Del Rey",12,"Born To Die (Deluxe Version)","2011-01-01",2011,0.531,0.829,-6.889,238373,137.965,0.417
"385","Without You","Lana Del Rey",13,"Born To Die (Deluxe Version)","2011-01-01",2011,0.587,0.578,-8.424,228933,111.939,0.593
"386","Lolita","Lana Del Rey",14,"Born To Die (Deluxe Version)","2011-01-01",2011,0.504,0.942,-4.28,219026,135.992,0.148
"387","Lucky Ones","Lana Del Rey",15,"Born To Die (Deluxe Version)","2011-01-01",2011,0.23,0.423,-7.195,227306,74.221,0.308
"388","Theia","King Gizzard & The Lizard Wizard",1,"The Silver Cord","2023-10-27",2023,0.383,0.975,-5.849,204033,159.114,0.464
"389","The Silver Cord","King Gizzard & The Lizard Wizard",2,"The Silver Cord","2023-10-27",2023,0.434,0.695,-7.524,260234,82.964,0.117
"390","Set","King Gizzard & The Lizard Wizard",3,"The Silver Cord","2023-10-27",2023,0.581,0.998,-4.517,236004,124.998,0.359
"391","Chang’e","King Gizzard & The Lizard Wizard",4,"The Silver Cord","2023-10-27",2023,0.387,0.977,-4.464,226770,84.005,0.376
"392","Gilgamesh","King Gizzard & The Lizard Wizard",5,"The Silver Cord","2023-10-27",2023,0.508,0.987,-4.489,223606,126.035,0.14
"393","Swan Song","King Gizzard & The Lizard Wizard",6,"The Silver Cord","2023-10-27",2023,0.537,0.999,-5.038,265537,134.987,0.0495
"394","Extinction","King Gizzard & The Lizard Wizard",7,"The Silver Cord","2023-10-27",2023,0.429,0.97,-4.659,280355,75.017,0.108
"395","Theia - Extended Mix","King Gizzard & The Lizard Wizard",1,"The Silver Cord","2023-10-27",2023,0.46,0.992,-7.916,1241478,79.506,0.208
"396","The Silver Cord - Extended Mix","King Gizzard & The Lizard Wizard",2,"The Silver Cord","2023-10-27",2023,0.473,0.843,-6.956,765324,166.022,0.27
"397","Set - Extended Mix","King Gizzard & The Lizard Wizard",3,"The Silver Cord","2023-10-27",2023,0.609,0.998,-6.093,618011,125.027,0.418
"398","Chang’e - Extended Mix","King Gizzard & The Lizard Wizard",4,"The Silver Cord","2023-10-27",2023,0.395,0.952,-6.336,646549,168.016,0.505
"399","Gilgamesh - Extended Mix","King Gizzard & The Lizard Wizard",5,"The Silver Cord","2023-10-27",2023,0.582,0.946,-7.324,676692,125.969,0.113
"400","Swan Song - Extended Mix","King Gizzard & The Lizard Wizard",6,"The Silver Cord","2023-10-27",2023,0.502,0.998,-6.419,629863,135,0.0663
"401","Extinction - Extended Mix","King Gizzard & The Lizard Wizard",7,"The Silver Cord","2023-10-27",2023,0.388,0.971,-6.089,748006,75.004,0.124
"402","Motor Spirit","King Gizzard & The Lizard Wizard",1,"PetroDragonic Apocalypse; or, Dawn of Eternal Night: An Annihilation of Planet Earth and the Beginning of Merciless Damnation","2023-06-16",2023,0.315,0.948,-6.696,512898,106.485,0.286
"403","Supercell","King Gizzard & The Lizard Wizard",2,"PetroDragonic Apocalypse; or, Dawn of Eternal Night: An Annihilation of Planet Earth and the Beginning of Merciless Damnation","2023-06-16",2023,0.494,0.956,-5.908,305861,137.729,0.313
"404","Converge","King Gizzard & The Lizard Wizard",3,"PetroDragonic Apocalypse; or, Dawn of Eternal Night: An Annihilation of Planet Earth and the Beginning of Merciless Damnation","2023-06-16",2023,0.559,0.925,-6.092,376369,107.551,0.507
"405","Witchcraft","King Gizzard & The Lizard Wizard",4,"PetroDragonic Apocalypse; or, Dawn of Eternal Night: An Annihilation of Planet Earth and the Beginning of Merciless Damnation","2023-06-16",2023,0.532,0.939,-5.883,303696,102.27,0.741
"406","Gila Monster","King Gizzard & The Lizard Wizard",5,"PetroDragonic Apocalypse; or, Dawn of Eternal Night: An Annihilation of Planet Earth and the Beginning of Merciless Damnation","2023-06-16",2023,0.544,0.965,-5.726,275774,125.066,0.371
"407","Dragon","King Gizzard & The Lizard Wizard",6,"PetroDragonic Apocalypse; or, Dawn of Eternal Night: An Annihilation of Planet Earth and the Beginning of Merciless Damnation","2023-06-16",2023,0.517,0.965,-5.97,584699,145.176,0.558
"408","Flamethrower","King Gizzard & The Lizard Wizard",7,"PetroDragonic Apocalypse; or, Dawn of Eternal Night: An Annihilation of Planet Earth and the Beginning of Merciless Damnation","2023-06-16",2023,0.384,0.948,-7.589,561157,90.758,0.24
"409","Change","King Gizzard & The Lizard Wizard",1,"Changes","2022-10-28",2022,0.685,0.561,-7.459,783390,137.904,0.328
"410","Hate Dancin'","King Gizzard & The Lizard Wizard",2,"Changes","2022-10-28",2022,0.411,0.912,-6.577,196348,143.464,0.349
"411","Astroturf","King Gizzard & The Lizard Wizard",3,"Changes","2022-10-28",2022,0.739,0.75,-4.96,453452,98.331,0.784
"412","No Body","King Gizzard & The Lizard Wizard",4,"Changes","2022-10-28",2022,0.66,0.502,-5.039,222034,133.869,0.538
"413","Gondii","King Gizzard & The Lizard Wizard",5,"Changes","2022-10-28",2022,0.627,0.935,-4.453,296980,157.036,0.576
"414","Exploding Suns","King Gizzard & The Lizard Wizard",6,"Changes","2022-10-28",2022,0.722,0.443,-9.001,280575,116.028,0.293
"415","Short Change","King Gizzard & The Lizard Wizard",7,"Changes","2022-10-28",2022,0.552,0.929,-6.997,170239,103.433,0.706
"416","The Land Before Timeland","King Gizzard & The Lizard Wizard",1,"Laminated Denim","2022-10-12",2022,0.637,0.856,-5.862,900000,149.925,0.859
"417","Hypertension","King Gizzard & The Lizard Wizard",2,"Laminated Denim","2022-10-12",2022,0.547,0.913,-5.648,900000,89.981,0.745
"418","Mycelium","King Gizzard & The Lizard Wizard",1,"Ice, Death, Planets, Lungs, Mushrooms And Lava","2022-10-07",2022,0.695,0.851,-4.002,455683,85.068,0.768
"419","Ice V","King Gizzard & The Lizard Wizard",2,"Ice, Death, Planets, Lungs, Mushrooms And Lava","2022-10-07",2022,0.548,0.963,-4.32,615939,110.352,0.856
"420","Magma","King Gizzard & The Lizard Wizard",3,"Ice, Death, Planets, Lungs, Mushrooms And Lava","2022-10-07",2022,0.615,0.911,-4.588,546451,99.923,0.784
"421","Lava","King Gizzard & The Lizard Wizard",4,"Ice, Death, Planets, Lungs, Mushrooms And Lava","2022-10-07",2022,0.297,0.814,-4.197,401196,95.534,0.484
"422","Hell's Itch","King Gizzard & The Lizard Wizard",5,"Ice, Death, Planets, Lungs, Mushrooms And Lava","2022-10-07",2022,0.5,0.883,-5.999,807543,95.046,0.737
"423","Iron Lung","King Gizzard & The Lizard Wizard",6,"Ice, Death, Planets, Lungs, Mushrooms And Lava","2022-10-07",2022,0.565,0.906,-5.229,544517,119.856,0.38
"424","Gliese 710","King Gizzard & The Lizard Wizard",7,"Ice, Death, Planets, Lungs, Mushrooms And Lava","2022-10-07",2022,0.287,0.848,-5.238,468079,139.868,0.277
"425","The Dripping Tap","King Gizzard & The Lizard Wizard",1,"Omnium Gatherum","2022-04-22",2022,0.188,0.942,-4.706,1097013,179.248,0.231
"426","Magenta Mountain","King Gizzard & The Lizard Wizard",2,"Omnium Gatherum","2022-04-22",2022,0.666,0.657,-8.726,364599,92.747,0.434
"427","Kepler-22b","King Gizzard & The Lizard Wizard",3,"Omnium Gatherum","2022-04-22",2022,0.674,0.884,-6.062,192960,101.062,0.916
"428","Gaia","King Gizzard & The Lizard Wizard",4,"Omnium Gatherum","2022-04-22",2022,0.35,0.946,-4.966,311339,131.827,0.341
"429","Ambergris","King Gizzard & The Lizard Wizard",5,"Omnium Gatherum","2022-04-22",2022,0.75,0.473,-9.975,267214,140.295,0.521
"430","Sadie Sorceress","King Gizzard & The Lizard Wizard",6,"Omnium Gatherum","2022-04-22",2022,0.765,0.845,-8.931,187532,90.276,0.778
"431","Evilest Man","King Gizzard & The Lizard Wizard",7,"Omnium Gatherum","2022-04-22",2022,0.472,0.94,-6.23,458721,186.019,0.147
"432","The Garden Goblin","King Gizzard & The Lizard Wizard",8,"Omnium Gatherum","2022-04-22",2022,0.638,0.774,-5.612,176810,134.011,0.871
"433","Blame It On The Weather","King Gizzard & The Lizard Wizard",9,"Omnium Gatherum","2022-04-22",2022,0.46,0.87,-4.867,151199,136.482,0.703
"434","Persistence","King Gizzard & The Lizard Wizard",10,"Omnium Gatherum","2022-04-22",2022,0.724,0.828,-4.671,227986,76.885,0.735
"435","The Grim Reaper","King Gizzard & The Lizard Wizard",11,"Omnium Gatherum","2022-04-22",2022,0.708,0.903,-6.214,185525,101.107,0.687
"436","Presumptuous","King Gizzard & The Lizard Wizard",12,"Omnium Gatherum","2022-04-22",2022,0.712,0.756,-8.257,293422,155.992,0.873
"437","Predator X","King Gizzard & The Lizard Wizard",13,"Omnium Gatherum","2022-04-22",2022,0.51,0.865,-6.365,225661,114.746,0.443
"438","Red Smoke","King Gizzard & The Lizard Wizard",14,"Omnium Gatherum","2022-04-22",2022,0.385,0.594,-7.641,261855,89.35,0.656
"439","Candles","King Gizzard & The Lizard Wizard",15,"Omnium Gatherum","2022-04-22",2022,0.798,0.697,-10.422,274418,125.997,0.548
"440","The Funeral","King Gizzard & The Lizard Wizard",16,"Omnium Gatherum","2022-04-22",2022,0.751,0.676,-11.383,143265,125.975,0.766
"441","Black Hot Soup - DJ Shadow “My Own Reality” Re-Write","King Gizzard & The Lizard Wizard",1,"Butterfly 3001","2022-01-21",2022,0.587,0.976,-5.604,216097,106.004,0.757
"442","Shanghai - The Scientist Dub","King Gizzard & The Lizard Wizard",2,"Butterfly 3001","2022-01-21",2022,0.658,0.876,-5.31,240561,80.013,0.86
"443","Shanghai - Deaton Chris Anthony Remix","King Gizzard & The Lizard Wizard",3,"Butterfly 3001","2022-01-21",2022,0.684,0.824,-5.651,212041,79.977,0.823
"444","Dreams - Yu Su Instrumental Mix","King Gizzard & The Lizard Wizard",4,"Butterfly 3001","2022-01-21",2022,0.455,0.827,-7.726,314254,166.091,0.508
"445","Blue Morpho - Donato Dozzy Remix","King Gizzard & The Lizard Wizard",5,"Butterfly 3001","2022-01-21",2022,0.616,0.741,-8.66,297587,142.007,0.439
"446","Blue Morpho - VRIL Remix","King Gizzard & The Lizard Wizard",6,"Butterfly 3001","2022-01-21",2022,0.454,0.719,-10.586,268629,142.031,0.116
"447","Blue Morpho - Ciel's Fluttering Dub","King Gizzard & The Lizard Wizard",7,"Butterfly 3001","2022-01-21",2022,0.799,0.862,-10.841,349420,115.004,0.0372
"448","Blue Morpho - ZANDOLI II remix","King Gizzard & The Lizard Wizard",8,"Butterfly 3001","2022-01-21",2022,0.437,0.425,-11.145,237350,119.998,0.239
"449","Catching Smoke - DāM-FunK Instrumental Re-Freak","King Gizzard & The Lizard Wizard",9,"Butterfly 3001","2022-01-21",2022,0.519,0.806,-6.572,397363,93.99,0.313
"450","Ya Love - Flaming Lips’ Fascinating Haircut Re-Do","King Gizzard & The Lizard Wizard",10,"Butterfly 3001","2022-01-21",2022,0.702,0.556,-8.317,176722,80.358,0.552
"451","Ya Love - Geneva Jacuzzi Remix","King Gizzard & The Lizard Wizard",11,"Butterfly 3001","2022-01-21",2022,0.549,0.904,-7.074,268486,179.981,0.813
"452","Ya Love - Héctor Oaks Playing w/ Fire Mix","King Gizzard & The Lizard Wizard",12,"Butterfly 3001","2022-01-21",2022,0.683,0.741,-7.282,393180,144.01,0.465
"453","2.02 Killer Year - Bullant’s Fuck Mike Love Remix","King Gizzard & The Lizard Wizard",13,"Butterfly 3001","2022-01-21",2022,0.647,0.923,-8.337,490440,136.991,0.337
"454","Yours - Fred P Journey Mix","King Gizzard & The Lizard Wizard",14,"Butterfly 3001","2022-01-21",2022,0.485,0.934,-8.85,714689,126.982,0.329
"455","Butterfly 3000 - Terry Tracksuit Remix","King Gizzard & The Lizard Wizard",15,"Butterfly 3001","2022-01-21",2022,0.259,0.833,-6.825,150217,81.785,0.334
"456","Neu Butterfly 3000 - Peaches Remix","King Gizzard & The Lizard Wizard",16,"Butterfly 3001","2022-01-21",2022,0.586,0.429,-10.867,344523,160.006,0.308
"457","Catching Smoke - 4am Wack Rmx By Hieroglyphic Being","King Gizzard & The Lizard Wizard",17,"Butterfly 3001","2022-01-21",2022,0.534,0.943,-6.159,688397,118.701,0.208
"458","Blue Morpho - Mall Grab Remix","King Gizzard & The Lizard Wizard",18,"Butterfly 3001","2022-01-21",2022,0.726,0.504,-9.052,247586,94.663,0.421
"459","Dreams - Peaking Lights Trancedellic Macrodosing Mix","King Gizzard & The Lizard Wizard",19,"Butterfly 3001","2022-01-21",2022,0.797,0.916,-6.791,325888,142.007,0.931
"460","Interior People - Confidence Man Remix","King Gizzard & The Lizard Wizard",20,"Butterfly 3001","2022-01-21",2022,0.548,0.965,-5.295,354405,140.377,0.186
"461","Catching Smoke - Kaitlyn Aurelia Smith Remix","King Gizzard & The Lizard Wizard",21,"Butterfly 3001","2022-01-21",2022,0.587,0.874,-8.349,174859,120.041,0.909
"462","Yours","King Gizzard & The Lizard Wizard",1,"Butterfly 3000","2021-06-11",2021,0.615,0.951,-6.936,275106,167.956,0.848
"463","Shanghai","King Gizzard & The Lizard Wizard",2,"Butterfly 3000","2021-06-11",2021,0.61,0.772,-7.621,240680,160.033,0.717
"464","Dreams","King Gizzard & The Lizard Wizard",3,"Butterfly 3000","2021-06-11",2021,0.681,0.875,-8.151,244453,142.011,0.854
"465","Blue Morpho","King Gizzard & The Lizard Wizard",4,"Butterfly 3000","2021-06-11",2021,0.579,0.753,-9.553,230920,142.039,0.677
"466","Interior People","King Gizzard & The Lizard Wizard",5,"Butterfly 3000","2021-06-11",2021,0.64,0.847,-8.103,315133,156.015,0.481
"467","Catching Smoke","King Gizzard & The Lizard Wizard",6,"Butterfly 3000","2021-06-11",2021,0.584,0.82,-6.561,388133,93.949,0.339
"468","2.02 Killer Year","King Gizzard & The Lizard Wizard",7,"Butterfly 3000","2021-06-11",2021,0.735,0.814,-7.085,199440,137.394,0.936
"469","Black Hot Soup","King Gizzard & The Lizard Wizard",8,"Butterfly 3000","2021-06-11",2021,0.616,0.926,-8.425,312066,140.036,0.767
"470","Ya Love","King Gizzard & The Lizard Wizard",9,"Butterfly 3000","2021-06-11",2021,0.611,0.945,-5.886,255933,160.009,0.951
"471","Butterfly 3000","King Gizzard & The Lizard Wizard",10,"Butterfly 3000","2021-06-11",2021,0.52,0.946,-8.657,171053,160.047,0.711
"472","If Not Now, Then When?","King Gizzard & The Lizard Wizard",1,"L.W.","2021-02-25",2021,0.714,0.574,-9.257,230309,104.004,0.519
"473","O.N.E.","King Gizzard & The Lizard Wizard",2,"L.W.","2021-02-25",2021,0.547,0.647,-8.53,220216,166.214,0.404
"474","Pleura","King Gizzard & The Lizard Wizard",3,"L.W.","2021-02-25",2021,0.503,0.601,-9.037,251360,86.905,0.622
"475","Supreme Ascendancy","King Gizzard & The Lizard Wizard",4,"L.W.","2021-02-25",2021,0.567,0.929,-5.901,219957,139.999,0.714
"476","Static Electricity","King Gizzard & The Lizard Wizard",5,"L.W.","2021-02-25",2021,0.459,0.827,-7.979,349529,161.004,0.776
"477","East West Link","King Gizzard & The Lizard Wizard",6,"L.W.","2021-02-25",2021,0.461,0.75,-8.688,188785,166.019,0.798
"478","Ataraxia","King Gizzard & The Lizard Wizard",7,"L.W.","2021-02-25",2021,0.646,0.686,-8.232,317533,140.033,0.79
"479","See Me","King Gizzard & The Lizard Wizard",8,"L.W.","2021-02-25",2021,0.544,0.954,-7.545,244377,109.987,0.537
"480","K.G.L.W.","King Gizzard & The Lizard Wizard",9,"L.W.","2021-02-25",2021,0.585,0.819,-8.028,508143,102.973,0.187
"481","Robot Stop - Live In San Francisco ’16","King Gizzard & The Lizard Wizard",1,"Live In San Francisco ’16","2020-11-20",2020,0.428,0.936,-7.207,261332,100.584,0.326
"482","Hot Water - Live In San Francisco ’16","King Gizzard & The Lizard Wizard",2,"Live In San Francisco ’16","2020-11-20",2020,0.382,0.91,-7.007,220760,97.693,0.365
"483","Big Fig Wasp - Live In San Francisco ’16","King Gizzard & The Lizard Wizard",3,"Live In San Francisco ’16","2020-11-20",2020,0.175,0.956,-6.269,311133,200.852,0.237
"484","Gamma Knife - Live In San Francisco ’16","King Gizzard & The Lizard Wizard",4,"Live In San Francisco ’16","2020-11-20",2020,0.306,0.854,-5.51,241160,106.991,0.258
"485","People-Vultures - Live In San Francisco ’16","King Gizzard & The Lizard Wizard",5,"Live In San Francisco ’16","2020-11-20",2020,0.246,0.891,-6.746,321440,105.873,0.155
"486","Trapdoor - Live In San Francisco ’16","King Gizzard & The Lizard Wizard",6,"Live In San Francisco ’16","2020-11-20",2020,0.452,0.774,-9.763,202666,107.826,0.33
"487","I’m In Your Mind - Live In San Francisco ’16","King Gizzard & The Lizard Wizard",7,"Live In San Francisco ’16","2020-11-20",2020,0.333,0.942,-5.751,201573,96.853,0.256
"488","I’m Not In Your Mind - Live In San Francisco ’16","King Gizzard & The Lizard Wizard",8,"Live In San Francisco ’16","2020-11-20",2020,0.505,0.867,-7.495,202626,97.139,0.412
"489","Cellophane - Live In San Francisco ’16","King Gizzard & The Lizard Wizard",9,"Live In San Francisco ’16","2020-11-20",2020,0.428,0.933,-6.486,177293,97.17,0.231
"490","I’m In Your Mind Fuzz - Live In San Francisco ’16","King Gizzard & The Lizard Wizard",10,"Live In San Francisco ’16","2020-11-20",2020,0.402,0.894,-6.367,178533,96.885,0.158
"491","The River - Live In San Francisco ’16","King Gizzard & The Lizard Wizard",11,"Live In San Francisco ’16","2020-11-20",2020,0.364,0.536,-10.265,657773,116.083,0.438
"492","Evil Death Roll - Live In San Francisco ’16","King Gizzard & The Lizard Wizard",12,"Live In San Francisco ’16","2020-11-20",2020,0.303,0.882,-7.127,492346,103.078,0.167
"493","Head On/Pill - Live In San Francisco ’16","King Gizzard & The Lizard Wizard",13,"Live In San Francisco ’16","2020-11-20",2020,0.184,0.72,-9.038,1350626,193.442,0.165
"494","K.G.L.W.","King Gizzard & The Lizard Wizard",1,"K.G.","2020-11-20",2020,0.616,0.324,-16.577,96548,112.012,0.597
"495","Automation","King Gizzard & The Lizard Wizard",2,"K.G.","2020-11-20",2020,0.375,0.661,-7.113,209803,91.611,0.512
"496","Minimum Brain Size","King Gizzard & The Lizard Wizard",3,"K.G.","2020-11-20",2020,0.552,0.785,-8.689,258674,179.954,0.855
"497","Straws In The Wind","King Gizzard & The Lizard Wizard",4,"K.G.","2020-11-20",2020,0.638,0.831,-8.134,341662,165.037,0.905
"498","Some Of Us","King Gizzard & The Lizard Wizard",5,"K.G.","2020-11-20",2020,0.405,0.905,-6.688,232537,167.897,0.629
"499","Ontology","King Gizzard & The Lizard Wizard",6,"K.G.","2020-11-20",2020,0.519,0.992,-5.967,238199,126.995,0.201
"500","Intrasport","King Gizzard & The Lizard Wizard",7,"K.G.","2020-11-20",2020,0.655,0.9,-6.267,252630,109.984,0.885
"501","Oddlife","King Gizzard & The Lizard Wizard",8,"K.G.","2020-11-20",2020,0.596,0.961,-6.108,297505,108.007,0.186
"502","Honey","King Gizzard & The Lizard Wizard",9,"K.G.","2020-11-20",2020,0.575,0.558,-10.254,273854,155.894,0.826
"503","The Hungry Wolf Of Fate","King Gizzard & The Lizard Wizard",10,"K.G.","2020-11-20",2020,0.544,0.338,-9.624,307969,138.016,0.28
"504","Evil Star","King Gizzard & The Lizard Wizard",1,"Chunky Shrapnel","2020-04-24",2020,0.185,0.221,-16.649,129953,86.88,0.0318
"505","The River - Live in Luxembourg ’19","King Gizzard & The Lizard Wizard",2,"Chunky Shrapnel","2020-04-24",2020,0.365,0.648,-9.783,578518,110.169,0.493
"506","Wah Wah - Live in Madrid ’19","King Gizzard & The Lizard Wizard",3,"Chunky Shrapnel","2020-04-24",2020,0.183,0.694,-8.038,204256,169.476,0.393
"507","Road Train - Live in Manchester ’19","King Gizzard & The Lizard Wizard",4,"Chunky Shrapnel","2020-04-24",2020,0.371,0.922,-7.727,219057,140.146,0.123
"508","Murder Of The Universe - Live in Utrecht ’19","King Gizzard & The Lizard Wizard",5,"Chunky Shrapnel","2020-04-24",2020,0.195,0.917,-7.088,304123,138.443,0.353
"509","Quarantine","King Gizzard & The Lizard Wizard",6,"Chunky Shrapnel","2020-04-24",2020,0.323,0.028,-25.429,120799,90.35,0.0347
"510","Planet B - Live in London ’19","King Gizzard & The Lizard Wizard",7,"Chunky Shrapnel","2020-04-24",2020,0.286,0.948,-7.446,362880,95.142,0.0513
"511","Parking - Live in Brussels ’19","King Gizzard & The Lizard Wizard",8,"Chunky Shrapnel","2020-04-24",2020,0.406,0.916,-8.885,122592,125.486,0.174
"512","Venusian 2 - Live in Milan ’19","King Gizzard & The Lizard Wizard",9,"Chunky Shrapnel","2020-04-24",2020,0.293,0.937,-7.607,191377,141.345,0.254
"513","Hell - Live in Milan ’19","King Gizzard & The Lizard Wizard",10,"Chunky Shrapnel","2020-04-24",2020,0.105,0.922,-7.922,217253,89.72,0.0697
"514","Let Me Mend The Past - Live in Madrid ’19","King Gizzard & The Lizard Wizard",11,"Chunky Shrapnel","2020-04-24",2020,0.454,0.787,-7.562,178148,96.821,0.73
"515","Anamnesis","King Gizzard & The Lizard Wizard",12,"Chunky Shrapnel","2020-04-24",2020,0.113,0.21,-13.34,190493,70.056,0.0388
"516","Inner Cell - Live in Utrecht ’19","King Gizzard & The Lizard Wizard",13,"Chunky Shrapnel","2020-04-24",2020,0.307,0.726,-9.892,229565,97.096,0.505
"517","Loyalty - Live in Utrecht ’19","King Gizzard & The Lizard Wizard",14,"Chunky Shrapnel","2020-04-24",2020,0.439,0.655,-8.846,232553,111.094,0.32
"518","Horology - Live in Utrecht '19","King Gizzard & The Lizard Wizard",15,"Chunky Shrapnel","2020-04-24",2020,0.286,0.864,-6.814,155584,91.83,0.744
"519","A Brief History Of Planet Earth - Live in London, Berlin, Utrecht and Barcelona ’19","King Gizzard & The Lizard Wizard",16,"Chunky Shrapnel","2020-04-24",2020,0.149,0.938,-7.9,1143896,185.317,0.345
"520","Planet B","King Gizzard & The Lizard Wizard",1,"Infest The Rats’ Nest","2019-08-16",2019,0.345,0.921,-5.291,236440,91.968,0.251
"521","Mars For The Rich","King Gizzard & The Lizard Wizard",2,"Infest The Rats’ Nest","2019-08-16",2019,0.378,0.885,-5.938,251720,101.176,0.344
"522","Organ Farmer","King Gizzard & The Lizard Wizard",3,"Infest The Rats’ Nest","2019-08-16",2019,0.385,0.899,-6.238,159080,114.554,0.14
"523","Superbug","King Gizzard & The Lizard Wizard",4,"Infest The Rats’ Nest","2019-08-16",2019,0.335,0.614,-6.415,403333,132.175,0.213
"524","Venusian 1","King Gizzard & The Lizard Wizard",5,"Infest The Rats’ Nest","2019-08-16",2019,0.147,0.904,-5.761,200586,163.225,0.353
"525","Perihelion","King Gizzard & The Lizard Wizard",6,"Infest The Rats’ Nest","2019-08-16",2019,0.175,0.933,-5.792,191320,189.043,0.442
"526","Venusian 2","King Gizzard & The Lizard Wizard",7,"Infest The Rats’ Nest","2019-08-16",2019,0.354,0.958,-7.095,164386,134.017,0.123
"527","Self-Immolate","King Gizzard & The Lizard Wizard",8,"Infest The Rats’ Nest","2019-08-16",2019,0.272,0.897,-6.492,268520,159.155,0.181
"528","Hell","King Gizzard & The Lizard Wizard",9,"Infest The Rats’ Nest","2019-08-16",2019,0.142,0.946,-5.97,219592,168.114,0.0387
"529","Fishing for Fishies","King Gizzard & The Lizard Wizard",1,"Fishing for Fishies","2019-04-26",2019,0.537,0.786,-6.653,301440,109.388,0.736
"530","Boogieman Sam","King Gizzard & The Lizard Wizard",2,"Fishing for Fishies","2019-04-26",2019,0.416,0.753,-6.732,281920,173.825,0.525
"531","The Bird Song","King Gizzard & The Lizard Wizard",3,"Fishing for Fishies","2019-04-26",2019,0.447,0.789,-7.005,264960,123.924,0.651
"532","Plastic Boogie","King Gizzard & The Lizard Wizard",4,"Fishing for Fishies","2019-04-26",2019,0.404,0.735,-7.417,183400,180.319,0.373
"533","The Cruel Millennial","King Gizzard & The Lizard Wizard",5,"Fishing for Fishies","2019-04-26",2019,0.397,0.765,-7.126,296920,90.752,0.674
"534","Real’s Not Real","King Gizzard & The Lizard Wizard",6,"Fishing for Fishies","2019-04-26",2019,0.297,0.762,-6.937,220840,159.685,0.592
"535","This Thing","King Gizzard & The Lizard Wizard",7,"Fishing for Fishies","2019-04-26",2019,0.607,0.538,-6.177,239880,149.954,0.652
"536","Acarine","King Gizzard & The Lizard Wizard",8,"Fishing for Fishies","2019-04-26",2019,0.314,0.792,-7.539,324280,156.923,0.407
"537","Cyboogie","King Gizzard & The Lizard Wizard",9,"Fishing for Fishies","2019-04-26",2019,0.427,0.703,-6.84,408013,124.431,0.186
"538","Beginner’s Luck","King Gizzard & The Lizard Wizard",1,"Gumboot Soup","2017-12-31",2017,0.571,0.803,-6.876,265499,73.034,0.566
"539","Greenhouse Heat Death","King Gizzard & The Lizard Wizard",2,"Gumboot Soup","2017-12-31",2017,0.403,0.767,-6.202,253158,121.184,0.121
"540","Barefoot Desert","King Gizzard & The Lizard Wizard",3,"Gumboot Soup","2017-12-31",2017,0.405,0.415,-8.953,223900,155.896,0.584
"541","Muddy Water","King Gizzard & The Lizard Wizard",4,"Gumboot Soup","2017-12-31",2017,0.392,0.918,-5.284,218664,180.639,0.968
"542","Superposition","King Gizzard & The Lizard Wizard",5,"Gumboot Soup","2017-12-31",2017,0.525,0.609,-7.748,215417,150.024,0.468
"543","Down the Sink","King Gizzard & The Lizard Wizard",6,"Gumboot Soup","2017-12-31",2017,0.581,0.755,-5.687,239726,200.155,0.902
"544","The Great Chain of Being","King Gizzard & The Lizard Wizard",7,"Gumboot Soup","2017-12-31",2017,0.459,0.71,-6.642,290124,111.857,0.331
"545","The Last Oasis","King Gizzard & The Lizard Wizard",8,"Gumboot Soup","2017-12-31",2017,0.354,0.666,-8.459,214976,78.449,0.421
"546","All Is Known","King Gizzard & The Lizard Wizard",9,"Gumboot Soup","2017-12-31",2017,0.286,0.926,-4.581,214347,101.128,0.455
"547","I’m Sleepin’ In","King Gizzard & The Lizard Wizard",10,"Gumboot Soup","2017-12-31",2017,0.557,0.671,-8.782,180358,78.951,0.508
"548","The Wheel","King Gizzard & The Lizard Wizard",11,"Gumboot Soup","2017-12-31",2017,0.238,0.679,-9.188,337067,179.085,0.333
"549","Crumbling Castle","King Gizzard & The Lizard Wizard",1,"Polygondwanaland","2017-11-17",2017,0.361,0.727,-7.256,644256,97.11,0.572
"550","Polygondwanaland","King Gizzard & The Lizard Wizard",2,"Polygondwanaland","2017-11-17",2017,0.437,0.495,-9.696,212966,166.807,0.779
"551","The Castle in the Air","King Gizzard & The Lizard Wizard",3,"Polygondwanaland","2017-11-17",2017,0.494,0.741,-8.806,167673,104.056,0.683
"552","Deserted Dunes Welcome Weary Feet","King Gizzard & The Lizard Wizard",4,"Polygondwanaland","2017-11-17",2017,0.355,0.839,-9.221,213924,102.215,0.525
"553","Inner Cell","King Gizzard & The Lizard Wizard",5,"Polygondwanaland","2017-11-17",2017,0.436,0.685,-10.736,235711,97.059,0.657
"554","Loyalty","King Gizzard & The Lizard Wizard",6,"Polygondwanaland","2017-11-17",2017,0.551,0.715,-8.568,218867,115.379,0.447
"555","Horology","King Gizzard & The Lizard Wizard",7,"Polygondwanaland","2017-11-17",2017,0.62,0.616,-7.479,172211,165.246,0.933
"556","Tetrachromacy","King Gizzard & The Lizard Wizard",8,"Polygondwanaland","2017-11-17",2017,0.62,0.527,-9.536,210741,109.891,0.961
"557","Searching...","King Gizzard & The Lizard Wizard",9,"Polygondwanaland","2017-11-17",2017,0.745,0.45,-10.912,183546,111.973,0.223
"558","The Fourth Colour","King Gizzard & The Lizard Wizard",10,"Polygondwanaland","2017-11-17",2017,0.283,0.636,-10.117,372444,130.822,0.0772
"559","Sketches of Brunswick East I","King Gizzard & The Lizard Wizard",1,"Sketches of Brunswick East (feat. Mild High Club)","2017-08-18",2017,0.299,0.456,-14.907,80000,87.646,0.175
"560","Countdown","King Gizzard & The Lizard Wizard",2,"Sketches of Brunswick East (feat. Mild High Club)","2017-08-18",2017,0.404,0.752,-7.028,202720,157.072,0.362
"561","D-Day","King Gizzard & The Lizard Wizard",3,"Sketches of Brunswick East (feat. Mild High Club)","2017-08-18",2017,0.431,0.755,-7.226,99440,170.018,0.38
"562","Tezeta","King Gizzard & The Lizard Wizard",4,"Sketches of Brunswick East (feat. Mild High Club)","2017-08-18",2017,0.381,0.795,-7.859,210840,151.193,0.242
"563","Cranes, Planes, Migraines","King Gizzard & The Lizard Wizard",5,"Sketches of Brunswick East (feat. Mild High Club)","2017-08-18",2017,0.548,0.877,-7.924,75373,105.129,0.533
"564","The Spider and Me","King Gizzard & The Lizard Wizard",6,"Sketches of Brunswick East (feat. Mild High Club)","2017-08-18",2017,0.253,0.877,-6.631,196026,177.012,0.465
"565","Sketches of Brunswick East II","King Gizzard & The Lizard Wizard",7,"Sketches of Brunswick East (feat. Mild High Club)","2017-08-18",2017,0.328,0.529,-12.218,205653,111.81,0.278
"566","Dusk to Dawn on Lygon Street","King Gizzard & The Lizard Wizard",8,"Sketches of Brunswick East (feat. Mild High Club)","2017-08-18",2017,0.317,0.727,-6.233,182986,82.664,0.447
"567","The Book","King Gizzard & The Lizard Wizard",9,"Sketches of Brunswick East (feat. Mild High Club)","2017-08-18",2017,0.523,0.901,-6.877,299093,141.205,0.692
"568","A Journey to (S)hell","King Gizzard & The Lizard Wizard",10,"Sketches of Brunswick East (feat. Mild High Club)","2017-08-18",2017,0.267,0.854,-5.427,136533,102.282,0.397
"569","Rolling Stoned","King Gizzard & The Lizard Wizard",11,"Sketches of Brunswick East (feat. Mild High Club)","2017-08-18",2017,0.282,0.655,-8.107,198040,85.762,0.426
"570","You Can Be Your Silhouette","King Gizzard & The Lizard Wizard",12,"Sketches of Brunswick East (feat. Mild High Club)","2017-08-18",2017,0.614,0.708,-7.541,229840,134.746,0.395
"571","Sketches of Brunswick East III","King Gizzard & The Lizard Wizard",13,"Sketches of Brunswick East (feat. Mild High Club)","2017-08-18",2017,0.462,0.504,-14.374,128572,52.28,0.358
"572","A New World","King Gizzard & The Lizard Wizard",1,"Murder of the Universe","2017-06-23",2017,0.324,0.405,-6.108,57253,55.927,0.29
"573","Altered Beast I","King Gizzard & The Lizard Wizard",2,"Murder of the Universe","2017-06-23",2017,0.399,0.915,-3.656,143853,103.307,0.303
"574","Alter Me I","King Gizzard & The Lizard Wizard",3,"Murder of the Universe","2017-06-23",2017,0.364,0.879,-3.849,45533,100.355,0.261
"575","Altered Beast II","King Gizzard & The Lizard Wizard",4,"Murder of the Universe","2017-06-23",2017,0.268,0.805,-5.067,268706,87.22,0.538
"576","Alter Me II","King Gizzard & The Lizard Wizard",5,"Murder of the Universe","2017-06-23",2017,0.37,0.801,-5.992,85853,95.639,0.3
"577","Altered Beast III","King Gizzard & The Lizard Wizard",6,"Murder of the Universe","2017-06-23",2017,0.364,0.85,-4.149,134533,101.205,0.498
"578","Alter Me III","King Gizzard & The Lizard Wizard",7,"Murder of the Universe","2017-06-23",2017,0.493,0.812,-7.158,86413,93.906,0.0382
"579","Altered Beast IV","King Gizzard & The Lizard Wizard",8,"Murder of the Universe","2017-06-23",2017,0.514,0.839,-5.787,310706,103.214,0.136
"580","Life / Death","King Gizzard & The Lizard Wizard",9,"Murder of the Universe","2017-06-23",2017,0.166,0.654,-6.417,59186,87.488,0.124
"581","Some Context","King Gizzard & The Lizard Wizard",1,"Murder of the Universe","2017-06-23",2017,0.217,0.526,-7.089,16506,114.356,0
"582","The Reticent Raconteur","King Gizzard & The Lizard Wizard",2,"Murder of the Universe","2017-06-23",2017,0.329,0.531,-7.96,65080,114.941,0.19
"583","The Lord of Lightning","King Gizzard & The Lizard Wizard",3,"Murder of the Universe","2017-06-23",2017,0.264,0.859,-4.316,307440,97.697,0.103
"584","The Balrog","King Gizzard & The Lizard Wizard",4,"Murder of the Universe","2017-06-23",2017,0.325,0.9,-4.136,269133,106.076,0.205
"585","The Floating Fire","King Gizzard & The Lizard Wizard",5,"Murder of the Universe","2017-06-23",2017,0.198,0.871,-4.64,114333,98.954,0.164
"586","The Acrid Corpse","King Gizzard & The Lizard Wizard",6,"Murder of the Universe","2017-06-23",2017,0.355,0.647,-9.956,60760,45.947,0.198
"587","Welcome to an Altered Future","King Gizzard & The Lizard Wizard",1,"Murder of the Universe","2017-06-23",2017,0.237,0.812,-6.358,55133,130.764,0.0464
"588","Digital Black","King Gizzard & The Lizard Wizard",2,"Murder of the Universe","2017-06-23",2017,0.169,0.922,-3.449,166640,140.9,0.169
"589","Han-Tyumi, the Confused Cyborg","King Gizzard & The Lizard Wizard",3,"Murder of the Universe","2017-06-23",2017,0.452,0.852,-6.288,141800,144.248,0.577
"590","Soy-Protein Munt Machine","King Gizzard & The Lizard Wizard",4,"Murder of the Universe","2017-06-23",2017,0.358,0.827,-6.687,30453,127.192,0.358
"591","Vomit Coffin","King Gizzard & The Lizard Wizard",5,"Murder of the Universe","2017-06-23",2017,0.497,0.892,-5.711,139013,126.499,0.366
"592","Murder of the Universe","King Gizzard & The Lizard Wizard",6,"Murder of the Universe","2017-06-23",2017,0.243,0.975,-3.977,249653,130.934,0.25
"593","Rattlesnake","King Gizzard & The Lizard Wizard",1,"Flying Microtonal Banana","2017-02-24",2017,0.58,0.963,-5.927,468093,170.565,0.814
"594","Melting","King Gizzard & The Lizard Wizard",2,"Flying Microtonal Banana","2017-02-24",2017,0.593,0.857,-8.354,327333,120.962,0.922
"595","Open Water","King Gizzard & The Lizard Wizard",3,"Flying Microtonal Banana","2017-02-24",2017,0.321,0.974,-6.066,433880,130.92,0.27
"596","Sleep Drifter","King Gizzard & The Lizard Wizard",4,"Flying Microtonal Banana","2017-02-24",2017,0.448,0.834,-6.659,284853,157.856,0.43
"597","Billabong Valley","King Gizzard & The Lizard Wizard",5,"Flying Microtonal Banana","2017-02-24",2017,0.313,0.825,-5.629,214626,146.674,0.603
"598","Anoxia","King Gizzard & The Lizard Wizard",6,"Flying Microtonal Banana","2017-02-24",2017,0.37,0.831,-5.208,184106,157.657,0.835
"599","Doom City","King Gizzard & The Lizard Wizard",7,"Flying Microtonal Banana","2017-02-24",2017,0.294,0.837,-5.739,194080,161.231,0.325
"600","Nuclear Fusion","King Gizzard & The Lizard Wizard",8,"Flying Microtonal Banana","2017-02-24",2017,0.434,0.778,-6.242,255453,85.837,0.622
"601","Flying Microtonal Banana","King Gizzard & The Lizard Wizard",9,"Flying Microtonal Banana","2017-02-24",2017,0.419,0.669,-4.337,154146,90.753,0.36
"602","Robot Stop","King Gizzard & The Lizard Wizard",1,"Nonagon Infinity","2016-04-29",2016,0.465,0.988,-5.301,322171,97.92,0.315
"603","Big Fig Wasp","King Gizzard & The Lizard Wizard",2,"Nonagon Infinity","2016-04-29",2016,0.415,0.891,-5.442,294839,96.283,0.512
"604","Gamma Knife","King Gizzard & The Lizard Wizard",3,"Nonagon Infinity","2016-04-29",2016,0.317,0.916,-5.321,261463,103.989,0.533
"605","People-Vultures","King Gizzard & The Lizard Wizard",4,"Nonagon Infinity","2016-04-29",2016,0.291,0.935,-4.681,285960,104.802,0.15
"606","Mr. Beat","King Gizzard & The Lizard Wizard",5,"Nonagon Infinity","2016-04-29",2016,0.609,0.844,-6.146,296116,127.188,0.687
"607","Evil Death Roll","King Gizzard & The Lizard Wizard",6,"Nonagon Infinity","2016-04-29",2016,0.273,0.974,-5.028,434172,99.965,0.275
"608","Invisible Face","King Gizzard & The Lizard Wizard",7,"Nonagon Infinity","2016-04-29",2016,0.405,0.774,-6.39,181100,110.807,0.508
"609","Wah Wah","King Gizzard & The Lizard Wizard",8,"Nonagon Infinity","2016-04-29",2016,0.201,0.743,-5.241,174306,173.014,0.459
"610","Road Train","King Gizzard & The Lizard Wizard",9,"Nonagon Infinity","2016-04-29",2016,0.595,0.923,-6.803,258275,131.891,0.473
"611","Sense","King Gizzard & The Lizard Wizard",1,"Paper Mâché Dream Balloon","2015-11-13",2015,0.534,0.6,-9.138,210653,202.086,0.653
"612","Bone","King Gizzard & The Lizard Wizard",2,"Paper Mâché Dream Balloon","2015-11-13",2015,0.53,0.496,-7.595,136293,124.088,0.648
"613","Dirt","King Gizzard & The Lizard Wizard",3,"Paper Mâché Dream Balloon","2015-11-13",2015,0.561,0.624,-7.388,170920,125.02,0.502
"614","Paper Mâché Dream Balloon","King Gizzard & The Lizard Wizard",4,"Paper Mâché Dream Balloon","2015-11-13",2015,0.268,0.68,-6.049,159506,172.791,0.654
"615","Trapdoor","King Gizzard & The Lizard Wizard",5,"Paper Mâché Dream Balloon","2015-11-13",2015,0.53,0.834,-5.227,158826,104.086,0.555
"616","Cold Cadaver","King Gizzard & The Lizard Wizard",6,"Paper Mâché Dream Balloon","2015-11-13",2015,0.455,0.784,-4.932,163946,86.366,0.569
"617","The Bitter Boogie","King Gizzard & The Lizard Wizard",7,"Paper Mâché Dream Balloon","2015-11-13",2015,0.512,0.65,-5.937,269200,122.032,0.477
"618","N.G.R.I. (Bloodstain)","King Gizzard & The Lizard Wizard",8,"Paper Mâché Dream Balloon","2015-11-13",2015,0.209,0.903,-5.311,145626,173.3,0.769
"619","Time = Fate","King Gizzard & The Lizard Wizard",9,"Paper Mâché Dream Balloon","2015-11-13",2015,0.666,0.741,-7.573,146720,120.859,0.847
"620","Time = $$$","King Gizzard & The Lizard Wizard",10,"Paper Mâché Dream Balloon","2015-11-13",2015,0.666,0.734,-9.051,124613,129.426,0.665
"621","Most of What I Like","King Gizzard & The Lizard Wizard",11,"Paper Mâché Dream Balloon","2015-11-13",2015,0.506,0.723,-7.439,197960,117.085,0.782
"622","Paper Mâché","King Gizzard & The Lizard Wizard",12,"Paper Mâché Dream Balloon","2015-11-13",2015,0.462,0.387,-8.137,149946,117.14,0.531
"623","The River","King Gizzard & The Lizard Wizard",1,"Quarters!","2015-05-01",2015,0.485,0.737,-4.553,610253,115.027,0.527
"624","Infinite Rise","King Gizzard & The Lizard Wizard",2,"Quarters!","2015-05-01",2015,0.287,0.703,-4.764,610026,172.618,0.309
"625","God Is in the Rhythm","King Gizzard & The Lizard Wizard",3,"Quarters!","2015-05-01",2015,0.427,0.844,-4.238,610013,137.798,0.559
"626","Lonely Steel Sheet Flyer","King Gizzard & The Lizard Wizard",4,"Quarters!","2015-05-01",2015,0.315,0.931,-3.593,610240,108.065,0.537
"627","I'm In Your Mind","King Gizzard & The Lizard Wizard",1,"I'm In Your Mind Fuzz","2014-10-31",2014,0.274,0.776,-5.63,213590,93.378,0.408
"628","I'm Not In Your Mind","King Gizzard & The Lizard Wizard",2,"I'm In Your Mind Fuzz","2014-10-31",2014,0.317,0.739,-6.197,178261,91.535,0.531
"629","Cellophane","King Gizzard & The Lizard Wizard",3,"I'm In Your Mind Fuzz","2014-10-31",2014,0.43,0.887,-6.175,190785,93.086,0.356
"630","I'm In Your Mind Fuzz","King Gizzard & The Lizard Wizard",4,"I'm In Your Mind Fuzz","2014-10-31",2014,0.335,0.821,-6.155,171829,94.533,0.261
"631","Empty","King Gizzard & The Lizard Wizard",5,"I'm In Your Mind Fuzz","2014-10-31",2014,0.283,0.847,-6.217,250699,157.514,0.29
"632","Hot Water","King Gizzard & The Lizard Wizard",6,"I'm In Your Mind Fuzz","2014-10-31",2014,0.627,0.609,-9.387,203787,86.863,0.734
"633","Am I in Heaven?","King Gizzard & The Lizard Wizard",7,"I'm In Your Mind Fuzz","2014-10-31",2014,0.229,0.903,-4.323,425872,104.387,0.145
"634","Slow Jam 1","King Gizzard & The Lizard Wizard",8,"I'm In Your Mind Fuzz","2014-10-31",2014,0.422,0.732,-7.762,174563,175.43,0.734
"635","Satan Speeds Up","King Gizzard & The Lizard Wizard",9,"I'm In Your Mind Fuzz","2014-10-31",2014,0.247,0.692,-6.296,219083,76.554,0.364
"636","Her and I (Slow Jam 2)","King Gizzard & The Lizard Wizard",10,"I'm In Your Mind Fuzz","2014-10-31",2014,0.538,0.858,-7.114,495215,117.042,0.547
"637","Alluda Majaka","King Gizzard & The Lizard Wizard",1,"Oddments","2014-03-07",2014,0.328,0.962,-5.681,214428,110.496,0.845
"638","Stressin'","King Gizzard & The Lizard Wizard",2,"Oddments","2014-03-07",2014,0.749,0.312,-11.28,176670,120.107,0.683
"639","Vegemite","King Gizzard & The Lizard Wizard",3,"Oddments","2014-03-07",2014,0.509,0.812,-4.153,165282,122.016,0.398
"640","It's Got Old","King Gizzard & The Lizard Wizard",4,"Oddments","2014-03-07",2014,0.487,0.65,-7.693,178680,78.434,0.748
"641","Work This Time","King Gizzard & The Lizard Wizard",5,"Oddments","2014-03-07",2014,0.728,0.497,-6.269,276903,114.205,0.569
"642","ABABCd","King Gizzard & The Lizard Wizard",6,"Oddments","2014-03-07",2014,0.413,0.985,-2.894,17199,97.107,0.585
"643","Sleepwalker","King Gizzard & The Lizard Wizard",7,"Oddments","2014-03-07",2014,0.523,0.921,-3.978,226359,123.778,0.814
"644","Hot Wax","King Gizzard & The Lizard Wizard",8,"Oddments","2014-03-07",2014,0.517,0.892,-6.917,209011,132.763,0.766
"645","Crying","King Gizzard & The Lizard Wizard",9,"Oddments","2014-03-07",2014,0.323,0.865,-3.348,176832,102.148,0.645
"646","Pipe-Dream","King Gizzard & The Lizard Wizard",10,"Oddments","2014-03-07",2014,0.421,0.98,-2.501,61550,98.468,0.423
"647","Homeless Man in Adidas","King Gizzard & The Lizard Wizard",11,"Oddments","2014-03-07",2014,0.452,0.661,-14.165,204617,90.07,0.564
"648","Oddments","King Gizzard & The Lizard Wizard",12,"Oddments","2014-03-07",2014,0.447,0.957,-5.154,25039,114.567,0.535
"649","Head On/Pill","King Gizzard & The Lizard Wizard",1,"Float Along – Fill Your Lungs","2013-09-27",2013,0.0691,0.917,-5.018,959240,185.141,0.227
"650","I’m Not a Man Unless I Have A Woman","King Gizzard & The Lizard Wizard",2,"Float Along – Fill Your Lungs","2013-09-27",2013,0.205,0.545,-10.366,175506,183.882,0.643
"651","God Is Calling Me Back Home","King Gizzard & The Lizard Wizard",3,"Float Along – Fill Your Lungs","2013-09-27",2013,0.366,0.82,-5.606,264720,124.178,0.265
"652","30 Past 7","King Gizzard & The Lizard Wizard",4,"Float Along – Fill Your Lungs","2013-09-27",2013,0.227,0.653,-5.591,223826,77.11,0.215
"653","Let Me Mend The Past","King Gizzard & The Lizard Wizard",5,"Float Along – Fill Your Lungs","2013-09-27",2013,0.577,0.79,-6.112,150333,101.529,0.794
"654","Mystery Jack","King Gizzard & The Lizard Wizard",6,"Float Along – Fill Your Lungs","2013-09-27",2013,0.454,0.928,-6.28,167960,116.094,0.477
"655","Pop In My Step","King Gizzard & The Lizard Wizard",7,"Float Along – Fill Your Lungs","2013-09-27",2013,0.652,0.828,-8.415,171720,103.671,0.871
"656","Float Along – Fill Your Lungs","King Gizzard & The Lizard Wizard",8,"Float Along – Fill Your Lungs","2013-09-27",2013,0.101,0.492,-4.961,405133,173.923,0.0366
"657","Eyes Like The Sky","King Gizzard & The Lizard Wizard",1,"Eyes Like The Sky","2013-02-22",2013,0.216,0.778,-7.481,197024,198.625,0.423
"658","Year Of Our Lord","King Gizzard & The Lizard Wizard",2,"Eyes Like The Sky","2013-02-22",2013,0.49,0.796,-5.407,176766,104.316,0.39
"659","The Raid","King Gizzard & The Lizard Wizard",3,"Eyes Like The Sky","2013-02-22",2013,0.329,0.955,-3.033,143741,129.697,0.283
"660","Drum Run","King Gizzard & The Lizard Wizard",4,"Eyes Like The Sky","2013-02-22",2013,0.456,0.999,-4.992,161550,98.284,0.0383
"661","Evil Man","King Gizzard & The Lizard Wizard",5,"Eyes Like The Sky","2013-02-22",2013,0.471,0.766,-5.871,233550,94.509,0.546
"662","Fort Whipple","King Gizzard & The Lizard Wizard",6,"Eyes Like The Sky","2013-02-22",2013,0.376,0.933,-5.044,176495,84.901,0.451
"663","The God Man's Goat Lust","King Gizzard & The Lizard Wizard",7,"Eyes Like The Sky","2013-02-22",2013,0.239,0.832,-4.997,197127,176.186,0.412
"664","The Killing Ground","King Gizzard & The Lizard Wizard",8,"Eyes Like The Sky","2013-02-22",2013,0.496,0.608,-8.242,169876,86.469,0.403
"665","Dust In The Wind","King Gizzard & The Lizard Wizard",9,"Eyes Like The Sky","2013-02-22",2013,0.358,0.915,-8.595,143566,135.318,0.369
"666","Guns & Horses","King Gizzard & The Lizard Wizard",10,"Eyes Like The Sky","2013-02-22",2013,0.504,0.868,-8.025,68252,122.952,0.412
"667","Elbow","King Gizzard & The Lizard Wizard",1,"12 Bar Bruise","2012-09-07",2012,0.248,0.843,-5.537,159893,177.212,0.243
"668","Muckraker","King Gizzard & The Lizard Wizard",2,"12 Bar Bruise","2012-09-07",2012,0.167,0.892,-4.848,180400,127.85,0.451
"669","Nein","King Gizzard & The Lizard Wizard",3,"12 Bar Bruise","2012-09-07",2012,0.178,0.972,-4.23,171986,121.24,0.218
"670","12 Bar Bruise","King Gizzard & The Lizard Wizard",4,"12 Bar Bruise","2012-09-07",2012,0.374,0.942,-5.324,227253,113.162,0.387
"671","Garage Liddiard","King Gizzard & The Lizard Wizard",5,"12 Bar Bruise","2012-09-07",2012,0.236,0.881,-4.651,149373,158.508,0.465
"672","Sam Cherry's Last Shot","King Gizzard & The Lizard Wizard",6,"12 Bar Bruise","2012-09-07",2012,0.233,0.743,-7.21,168840,91.098,0.487
"673","High Hopes Low","King Gizzard & The Lizard Wizard",7,"12 Bar Bruise","2012-09-07",2012,0.318,0.928,-2.292,225880,111.852,0.344
"674","Cut Throat Boogie","King Gizzard & The Lizard Wizard",8,"12 Bar Bruise","2012-09-07",2012,0.0609,0.799,-6.029,170040,200.117,0.283
"675","Bloody Ripper","King Gizzard & The Lizard Wizard",9,"12 Bar Bruise","2012-09-07",2012,0.27,0.761,-7.121,133373,126.685,0.442
"676","Uh Oh, I Called Mum","King Gizzard & The Lizard Wizard",10,"12 Bar Bruise","2012-09-07",2012,0.109,0.967,-4.505,157906,190.796,0.243
"677","Sea of Trees","King Gizzard & The Lizard Wizard",11,"12 Bar Bruise","2012-09-07",2012,0.0805,0.719,-4.068,194600,172.307,0.4
"678","Footy Footy","King Gizzard & The Lizard Wizard",12,"12 Bar Bruise","2012-09-07",2012,0.128,0.943,-4.842,119365,188.285,0.744
"679","Danger $$$","King Gizzard & The Lizard Wizard",1,"Willoughby’s Beach","2011-10-21",2011,0.0615,0.987,-4.003,105800,196.353,0.0367
"680","Black Tooth","King Gizzard & The Lizard Wizard",2,"Willoughby’s Beach","2011-10-21",2011,0.38,0.879,-5.436,150706,131.929,0.554
"681","Lunch Meat","King Gizzard & The Lizard Wizard",3,"Willoughby’s Beach","2011-10-21",2011,0.272,0.966,-5.147,100253,136.553,0.517
"682","Crookedile","King Gizzard & The Lizard Wizard",4,"Willoughby’s Beach","2011-10-21",2011,0.356,0.919,-4.504,150413,143.067,0.436
"683","Let It Bleed","King Gizzard & The Lizard Wizard",5,"Willoughby’s Beach","2011-10-21",2011,0.355,0.827,-4.965,193946,102.648,0.507
"684","Dead-Beat","King Gizzard & The Lizard Wizard",6,"Willoughby’s Beach","2011-10-21",2011,0.0895,0.973,-4.199,181613,177.313,0.0877
"685","Dustbin Fletcher","King Gizzard & The Lizard Wizard",7,"Willoughby’s Beach","2011-10-21",2011,0.131,0.852,-5.794,189080,214.865,0.48
"686","Stoned Mullet","King Gizzard & The Lizard Wizard",8,"Willoughby’s Beach","2011-10-21",2011,0.0886,0.991,-4.585,131000,194.226,0.0653
"687","Willoughby's Beach","King Gizzard & The Lizard Wizard",9,"Willoughby’s Beach","2011-10-21",2011,0.436,0.891,-6.324,173930,121.824,0.243
